Site,Date,Turbidity(NTU) at 12AM,Turbidity(NTU) at 4AM,Turbidity(NTU) at 8AM,Turbidity(NTU) at 12PM,Turbidity(NTU) at 4PM,Turbidity(NTU) at 8PM,Average 24hrTurbidity(NTU),"Coliform, Fecal(fc/100mL)"
DEL18DT,2015-05-10T00:00:00,,1.00,0.95,0.95,1.00,1.00,0.98,<1
DEL18DT,2015-05-11T00:00:00,1.00,1.10,0.95,1.00,1.10,1.10,1.04,<1
DEL18DT,2015-05-12T00:00:00,1.10,1.10,1.10,0.90,0.95,1.10,1.04,1
DEL18DT,2015-05-13T00:00:00,0.90,1.10,0.95,0.90,1.00,0.95,0.97,1
DEL18DT,2015-05-14T00:00:00,1.10,1.00,1.00,0.95,0.95,0.95,0.99,<1
DEL18DT,2015-05-15T00:00:00,1.00,1.00,1.00,0.90,0.95,1.00,0.98,<1
DEL18DT,2015-05-16T00:00:00,1.10,1.00,1.00,0.75,0.85,0.95,0.94,<1
DEL18DT,2015-05-17T00:00:00,0.90,0.90,0.85,0.80,0.85,0.85,0.86,2
DEL18DT,2015-05-18T00:00:00,0.90,0.80,0.85,1.00,0.95,1.00,0.92,<1
DEL18DT,2015-05-19T00:00:00,0.95,1.00,1.00,0.90,0.85,0.80,0.92,2
DEL18DT,2015-05-20T00:00:00,1.00,0.85,0.95,1.00,1.00,0.85,0.94,3
DEL18DT,2015-05-21T00:00:00,1.00,0.90,1.00,0.90,0.95,1.00,0.96,1
DEL18DT,2015-05-22T00:00:00,1.00,0.90,0.95,0.90,1.00,1.00,0.96,1
DEL18DT,2015-05-23T00:00:00,0.85,1.00,0.90,1.10,0.95,1.00,0.97,<1
DEL18DT,2015-05-24T00:00:00,0.90,1.00,0.90,1.00,0.95,1.00,0.96,1
DEL18DT,2015-05-25T00:00:00,0.90,0.95,1.00,0.75,0.80,0.90,0.88,<1
DEL18DT,2015-05-26T00:00:00,0.95,0.80,0.85,0.95,0.95,0.90,0.90,<1
DEL18DT,2015-05-27T00:00:00,0.80,0.95,0.95,1.10,0.95,0.90,0.94,<1
DEL18DT,2015-05-28T00:00:00,0.90,0.95,0.90,1.00,0.95,1.00,0.95,2
DEL18DT,2015-05-29T00:00:00,0.85,0.95,1.00,0.95,0.90,0.95,0.93,2
DEL18DT,2015-05-30T00:00:00,0.95,0.95,0.95,0.85,0.85,0.85,0.90,<1
DEL18DT,2015-05-31T00:00:00,0.95,0.85,0.85,0.80,0.85,0.85,0.86,<1
DEL18DT,2015-06-01T00:00:00,0.80,0.75,0.80,0.90,0.90,0.85,0.83,7
DEL18DT,2015-06-02T00:00:00,0.90,0.90,0.90,0.85,0.95,0.95,0.91,4
DEL18DT,2015-06-03T00:00:00,0.95,0.95,0.90,0.70,0.75,0.75,0.83,3
DEL18DT,2015-06-04T00:00:00,0.85,0.85,0.85,0.80,0.85,0.85,0.84,3
DEL18DT,2015-06-05T00:00:00,0.80,0.90,0.85,0.85,0.85,0.80,0.84,8
DEL18DT,2015-06-06T00:00:00,0.80,0.85,0.85,0.90,0.75,0.80,0.83,1
DEL18DT,2015-06-07T00:00:00,0.80,0.80,0.80,0.80,0.90,0.95,0.84,2
DEL18DT,2015-06-08T00:00:00,1.00,1.00,1.00,0.85,0.85,0.75,0.91,1
DEL18DT,2015-06-09T00:00:00,0.90,0.80,0.95,0.80,0.80,0.90,0.86,<1
DEL18DT,2015-06-10T00:00:00,0.80,0.90,0.80,0.95,1.00,0.90,0.89,1
DEL18DT,2015-06-11T00:00:00,0.95,1.00,1.00,1.00,0.85,1.00,0.97,<1
DEL18DT,2015-06-12T00:00:00,0.95,0.90,0.90,0.90,0.95,0.95,0.93,4
DEL18DT,2015-06-13T00:00:00,0.95,0.95,0.85,0.75,0.75,0.75,0.83,1
DEL18DT,2015-06-14T00:00:00,0.80,0.85,0.85,0.85,0.75,0.85,0.83,<1
DEL18DT,2015-06-15T00:00:00,0.85,0.85,0.90,1.00,0.85,0.90,0.89,10
DEL18DT,2015-06-16T00:00:00,0.90,0.95,1.00,0.85,0.90,0.90,0.92,<1
DEL18DT,2015-06-17T00:00:00,0.90,0.95,0.90,0.90,1.00,1.00,0.94,3
DEL18DT,2015-06-18T00:00:00,1.00,1.00,0.95,1.00,0.90,1.10,0.99,<1
DEL18DT,2015-06-19T00:00:00,1.00,1.00,0.95,1.00,0.90,1.00,0.98,2
DEL18DT,2015-06-20T00:00:00,0.95,0.95,0.95,0.75,0.80,0.85,0.88,3
DEL18DT,2015-06-21T00:00:00,0.85,0.80,0.85,1.00,1.00,1.00,0.92,2
DEL18DT,2015-06-22T00:00:00,0.95,1.00,1.00,1.00,0.85,0.85,0.94,<1
DEL18DT,2015-06-23T00:00:00,0.85,0.85,0.90,0.95,1.00,1.00,0.93,<1
DEL18DT,2015-06-24T00:00:00,0.95,0.90,0.90,1.00,0.95,0.95,0.94,<1
DEL18DT,2015-06-25T00:00:00,0.90,1.00,1.00,0.85,0.85,0.95,0.93,1
DEL18DT,2015-06-26T00:00:00,0.95,0.90,0.80,0.75,0.85,0.95,0.87,<1
DEL18DT,2015-06-27T00:00:00,0.95,0.85,0.85,0.70,0.70,0.70,0.79,2
DEL18DT,2015-06-28T00:00:00,0.70,0.65,0.70,0.65,0.70,0.70,0.68,<1
DEL18DT,2015-06-29T00:00:00,0.75,0.85,0.85,1.10,0.80,0.95,0.88,1
DEL18DT,2015-06-30T00:00:00,0.90,1.00,0.85,0.90,0.90,0.90,0.91,1
DEL18DT,2015-07-06T00:00:00,0.75,0.70,0.75,0.65,0.70,0.80,0.73,<1
DEL18DT,2015-07-07T00:00:00,0.70,0.85,0.80,0.70,0.70,0.70,0.74,1
DEL18DT,2015-07-09T00:00:00,0.80,0.65,0.70,,,,0.72,
DEL18DT,2015-06-14T00:00:00,,0.85,0.85,0.85,0.75,0.85,0.83,<1
DEL18DT,2015-06-15T00:00:00,0.85,0.85,0.90,1.00,0.85,0.90,0.89,10
DEL18DT,2015-06-16T00:00:00,0.90,0.95,1.00,0.85,0.90,0.90,0.92,<1
DEL18DT,2015-06-17T00:00:00,0.90,0.95,0.90,0.90,1.00,1.00,0.94,3
DEL18DT,2015-06-18T00:00:00,1.00,1.00,0.95,1.00,0.90,1.10,0.99,<1
DEL18DT,2015-06-19T00:00:00,1.00,1.00,0.95,1.00,0.90,1.00,0.98,2
DEL18DT,2015-06-20T00:00:00,0.95,0.95,0.95,0.75,0.80,0.85,0.88,3
DEL18DT,2015-06-21T00:00:00,0.85,0.80,0.85,1.00,1.00,1.00,0.92,2
DEL18DT,2015-06-22T00:00:00,0.95,1.00,1.00,1.00,0.85,0.85,0.94,<1
DEL18DT,2015-06-23T00:00:00,0.85,0.85,0.90,0.95,1.00,1.00,0.93,<1
DEL18DT,2015-06-24T00:00:00,0.95,0.90,0.90,1.00,0.95,0.95,0.94,<1
DEL18DT,2015-06-25T00:00:00,0.90,1.00,1.00,0.85,0.85,0.95,0.93,1
DEL18DT,2015-06-26T00:00:00,0.95,0.90,0.80,0.75,0.85,0.95,0.87,<1
DEL18DT,2015-06-27T00:00:00,0.95,0.85,0.85,0.70,0.70,0.70,0.79,2
DEL18DT,2015-06-28T00:00:00,0.70,0.65,0.70,0.65,0.70,0.70,0.68,<1
DEL18DT,2015-06-29T00:00:00,0.75,0.85,0.85,1.10,0.80,0.95,0.88,1
DEL18DT,2015-06-30T00:00:00,0.90,1.00,0.85,0.90,0.90,0.90,0.91,1
DEL18DT,2015-07-01T00:00:00,0.95,0.85,0.90,0.75,0.75,0.85,0.84,2
DEL18DT,2015-07-02T00:00:00,0.75,0.80,0.75,0.85,0.65,0.75,0.76,1
DEL18DT,2015-07-03T00:00:00,0.70,0.75,0.75,0.70,0.75,0.75,0.73,<1
DEL18DT,2015-07-04T00:00:00,0.85,0.75,0.75,0.60,0.60,0.70,0.71,1
DEL18DT,2015-07-05T00:00:00,0.65,0.65,0.70,0.70,0.70,0.70,0.68,<1
DEL18DT,2015-07-08T00:00:00,0.75,0.75,0.75,0.65,1.20,0.70,0.80,<1
DEL18DT,2015-07-10T00:00:00,0.65,0.70,0.65,0.60,0.70,0.70,0.67,1
DEL18DT,2015-07-12T00:00:00,0.60,0.60,0.60,0.65,0.70,0.65,0.63,4
DEL18DT,2015-07-14T00:00:00,0.65,0.65,0.65,0.70,0.65,0.65,0.66,<1
DEL18DT,2015-07-15T00:00:00,0.55,0.60,0.60,0.80,0.50,0.55,0.60,1
DEL18DT,2015-07-16T00:00:00,0.50,0.65,0.55,0.70,0.65,0.60,0.61,<1
DEL18DT,2015-07-21T00:00:00,0.60,0.55,0.55,0.45,0.55,0.55,0.54,<1
DEL18DT,2015-07-22T00:00:00,0.55,0.55,0.50,0.55,0.60,0.60,0.56,<1
DEL18DT,2015-07-25T00:00:00,0.60,0.55,0.50,0.40,0.50,0.45,0.50,2
DEL18DT,2015-07-26T00:00:00,0.45,0.45,0.45,0.50,0.45,0.50,0.47,<1
DEL18DT,2015-07-28T00:00:00,0.55,0.55,0.55,0.70,0.60,0.65,0.60,<1
DEL18DT,2015-07-30T00:00:00,0.60,0.55,0.70,0.60,0.55,0.65,0.61,1
DEL18DT,2015-07-11T00:00:00,,0.65,0.70,0.55,0.55,0.55,0.60,1
DEL18DT,2015-07-13T00:00:00,0.60,0.70,0.65,0.70,0.65,0.65,0.66,<1
DEL18DT,2015-07-17T00:00:00,0.65,0.65,0.65,0.60,0.70,0.60,0.64,1
DEL18DT,2015-07-18T00:00:00,0.65,0.60,0.60,0.65,0.60,0.60,0.62,<1
DEL18DT,2015-07-19T00:00:00,0.55,0.55,0.55,0.75,0.60,0.50,0.58,<1
DEL18DT,2015-07-20T00:00:00,0.45,0.50,0.65,0.60,0.55,0.60,0.56,<1
DEL18DT,2015-07-23T00:00:00,0.60,0.65,0.65,0.55,0.95,0.55,0.66,<1
DEL18DT,2015-07-24T00:00:00,0.55,0.55,0.50,0.50,0.55,0.55,0.53,<1
DEL18DT,2015-07-27T00:00:00,0.55,0.50,0.55,0.55,0.55,0.55,0.54,<1
DEL18DT,2015-07-31T00:00:00,0.65,0.60,0.65,0.60,0.65,0.65,0.63,2
DEL18DT,2015-08-01T00:00:00,0.65,0.55,0.60,0.55,0.55,0.55,0.58,<1
DEL18DT,2015-08-02T00:00:00,0.60,0.70,0.75,0.75,0.80,0.80,0.73,3
DEL18DT,2015-08-03T00:00:00,0.75,0.70,0.70,0.90,0.80,0.90,0.79,1
DEL18DT,2015-08-04T00:00:00,0.90,0.75,0.85,0.70,0.75,0.70,0.78,<1
DEL18DT,2015-08-05T00:00:00,0.75,0.85,0.80,0.80,0.70,0.85,0.79,1
DEL18DT,2015-08-06T00:00:00,0.85,0.85,0.85,0.80,0.65,0.80,0.80,1
DEL18DT,2015-08-07T00:00:00,0.75,0.80,0.75,0.60,0.65,0.75,0.72,<1
DEL18DT,2015-08-08T00:00:00,0.60,0.85,0.60,0.45,0.50,0.55,0.59,<1
DEL18DT,2015-08-09T00:00:00,0.55,0.50,0.50,0.50,0.55,0.55,0.53,<1
DEL18DT,2015-08-10T00:00:00,0.60,0.55,0.55,0.60,0.75,0.70,0.63,<1
DEL18DT,2015-08-11T00:00:00,0.60,0.75,0.75,0.65,0.60,0.65,0.67,<1
DEL18DT,2015-08-12T00:00:00,0.65,0.75,0.65,0.70,0.60,0.95,0.72,<1
DEL18DT,2015-08-13T00:00:00,0.70,0.60,0.70,0.90,0.70,0.55,0.69,<1
DEL18DT,2015-08-14T00:00:00,0.85,0.65,0.60,0.55,0.55,0.60,0.63,<1
DEL18DT,2015-08-15T00:00:00,0.60,0.55,0.55,0.50,0.60,0.55,0.56,<1
DEL18DT,2015-08-16T00:00:00,0.55,0.50,0.60,0.50,0.50,0.50,0.53,<1
DEL18DT,2015-08-17T00:00:00,0.65,0.55,0.75,0.65,0.65,0.75,0.67,1
DEL18DT,2015-08-18T00:00:00,0.70,0.70,0.70,0.60,0.55,0.60,0.64,<1
DEL18DT,2015-08-19T00:00:00,0.55,0.60,0.65,0.60,0.60,0.65,0.61,<1
DEL18DT,2015-08-20T00:00:00,0.70,0.60,0.60,0.60,0.70,0.75,0.66,<1
DEL18DT,2015-08-21T00:00:00,0.65,0.70,0.65,0.75,0.80,0.75,0.72,<1
DEL18DT,2015-08-22T00:00:00,0.80,0.80,0.75,0.55,0.60,0.60,0.68,<1
DEL18DT,2015-08-23T00:00:00,0.65,0.60,0.65,0.80,0.85,0.85,0.73,<1
DEL18DT,2015-08-24T00:00:00,0.75,0.85,0.75,0.80,0.75,0.75,0.78,<1
DEL18DT,2015-08-25T00:00:00,0.85,0.85,0.75,0.60,0.85,0.70,0.77,1
DEL18DT,2015-08-26T00:00:00,0.70,0.80,0.80,0.65,0.70,0.75,0.73,<1
DEL18DT,2015-08-27T00:00:00,0.70,0.70,0.75,0.65,0.80,0.80,0.73,1
DEL18DT,2015-08-28T00:00:00,0.70,0.65,0.65,0.70,0.75,0.80,0.71,<1
DEL18DT,2015-08-29T00:00:00,0.80,0.75,0.70,0.85,0.65,0.70,0.74,1
DEL18DT,2015-08-30T00:00:00,0.70,0.65,0.65,0.85,0.80,0.80,0.74,<1
DEL18DT,2015-08-31T00:00:00,0.80,0.80,0.80,0.60,0.65,0.70,0.73,<1
DEL18DT,2015-09-01T00:00:00,0.65,0.60,0.70,0.85,0.80,0.75,0.73,<1
DEL18DT,2015-09-02T00:00:00,0.80,0.85,0.85,0.80,0.85,0.85,0.83,<1
DEL18DT,2015-09-03T00:00:00,0.65,0.65,0.80,0.70,0.75,0.75,0.72,1
DEL18DT,2015-09-04T00:00:00,0.70,0.65,0.85,0.70,0.65,0.60,0.69,<1
DEL18DT,2015-09-05T00:00:00,0.65,0.70,0.65,0.75,0.75,0.70,0.70,1
DEL18DT,2015-09-06T00:00:00,0.80,0.75,0.70,0.65,0.85,0.80,0.76,<1
DEL18DT,2015-09-07T00:00:00,0.70,0.80,0.75,0.70,0.75,0.80,0.75,<1
DEL18DT,2015-09-08T00:00:00,0.75,0.75,0.70,0.65,0.75,0.80,0.73,<1
DEL18DT,2015-09-09T00:00:00,0.80,0.75,0.60,,,,0.72,
DEL18DT,2015-09-10T00:00:00,0.65,0.65,0.65,0.75,0.70,0.70,0.68,<1
DEL18DT,2015-09-11T00:00:00,0.75,0.80,0.75,0.70,0.75,0.70,0.74,3
DEL18DT,2015-09-12T00:00:00,0.75,0.70,0.70,0.65,0.70,0.65,0.69,1
DEL18DT,2015-09-13T00:00:00,0.60,0.60,0.65,0.75,0.85,0.80,0.71,3
DEL18DT,2015-09-14T00:00:00,0.80,0.80,0.75,0.60,0.65,0.70,0.72,<1
DEL18DT,2015-09-15T00:00:00,0.75,0.70,0.60,0.60,0.65,0.70,0.67,2
DEL18DT,2015-09-16T00:00:00,0.70,0.70,0.65,0.65,0.65,0.65,0.67,<1
DEL18DT,2015-09-17T00:00:00,0.65,0.65,0.65,0.70,0.65,0.75,0.68,<1
DEL18DT,2015-09-18T00:00:00,0.75,0.75,0.80,0.70,0.70,0.80,0.75,2
DEL18DT,2015-09-19T00:00:00,0.70,0.75,0.75,0.55,0.60,0.65,0.67,1
DEL18DT,2015-09-20T00:00:00,0.65,0.65,0.60,0.65,0.65,0.65,0.64,1
DEL18DT,2015-09-21T00:00:00,0.65,0.60,0.70,0.60,0.55,0.55,0.61,<1
DEL18DT,2015-09-22T00:00:00,0.60,0.60,0.65,0.70,0.70,0.75,0.67,1
DEL18DT,2015-09-23T00:00:00,0.70,0.70,0.70,0.65,0.60,0.65,0.67,<1
DEL18DT,2015-09-24T00:00:00,0.65,0.70,0.75,0.60,0.70,0.65,0.68,<1
DEL18DT,2015-09-25T00:00:00,0.60,0.70,0.75,0.65,0.60,0.60,0.65,1
DEL18DT,2015-09-26T00:00:00,0.65,0.65,0.60,0.55,0.50,0.50,0.58,1
DEL18DT,2015-09-27T00:00:00,0.50,0.55,0.55,0.65,0.65,0.60,0.58,<1
DEL18DT,2015-09-28T00:00:00,0.90,0.70,0.75,0.75,0.75,0.75,0.77,<1
DEL18DT,2015-09-29T00:00:00,0.75,0.75,0.80,0.75,0.60,0.70,0.73,2
DEL18DT,2015-09-30T00:00:00,0.60,0.75,0.70,0.60,0.60,0.60,0.64,3
DEL18DT,2015-10-01T00:00:00,0.65,0.60,0.60,0.60,0.60,0.65,0.62,9
DEL18DT,2015-10-02T00:00:00,0.55,0.60,0.60,0.60,0.55,0.55,0.58,<1
DEL18DT,2015-10-03T00:00:00,0.50,0.65,0.65,0.50,0.55,0.45,0.55,1
DEL18DT,2015-10-04T00:00:00,0.50,0.50,0.55,0.65,0.60,0.65,0.58,<1
DEL18DT,2015-10-05T00:00:00,0.65,0.60,0.60,0.60,0.55,0.60,0.60,<1
DEL18DT,2015-10-06T00:00:00,0.60,0.60,0.70,0.65,0.70,0.65,0.65,2
DEL18DT,2015-10-07T00:00:00,0.65,0.60,0.65,0.65,0.75,0.60,0.65,1
DEL18DT,2015-10-08T00:00:00,0.75,0.75,0.65,0.70,0.65,0.60,0.68,1
DEL18DT,2015-10-09T00:00:00,0.65,0.65,0.65,0.60,0.60,0.60,0.63,3
DEL18DT,2015-10-10T00:00:00,0.75,0.75,0.75,0.70,0.65,0.65,0.71,<1
DEL18DT,2015-10-11T00:00:00,0.70,0.75,0.80,0.65,0.75,0.75,0.73,<1
DEL18DT,2015-10-12T00:00:00,0.60,0.65,0.70,0.75,0.70,0.85,0.71,1
DEL18DT,2015-10-13T00:00:00,0.75,0.70,0.85,0.75,0.75,0.65,0.74,1
DEL18DT,2015-10-14T00:00:00,0.70,0.65,0.95,0.85,0.75,0.80,0.78,1
DEL18DT,2015-10-15T00:00:00,0.80,0.75,0.80,0.70,0.75,0.75,0.76,1
DEL18DT,2015-10-16T00:00:00,0.75,0.75,0.70,0.60,0.70,0.70,0.70,<1
DEL18DT,2015-10-17T00:00:00,0.65,0.70,0.65,0.60,0.60,0.60,0.63,3
DEL18DT,2015-10-18T00:00:00,0.60,0.55,0.60,0.55,0.55,0.60,0.58,3
DEL18DT,2015-10-19T00:00:00,0.55,0.65,0.60,0.55,0.60,0.55,0.58,1
DEL18DT,2015-10-20T00:00:00,0.60,0.55,0.65,0.60,0.65,0.60,0.61,1
DEL18DT,2015-10-21T00:00:00,0.60,0.65,0.65,0.65,0.70,0.65,0.65,<1
DEL18DT,2015-10-22T00:00:00,0.65,0.60,0.70,0.65,0.75,0.70,0.68,1
DEL18DT,2015-10-23T00:00:00,0.60,0.70,0.70,0.60,0.65,0.75,0.67,1
DEL18DT,2015-10-24T00:00:00,0.70,0.60,0.70,0.60,0.60,0.70,0.65,<1
DEL18DT,2015-10-25T00:00:00,0.60,0.60,0.60,0.60,0.70,0.70,0.63,<1
DEL18DT,2015-10-26T00:00:00,0.65,0.70,0.70,0.60,0.55,0.65,0.64,<1
DEL18DT,2015-10-27T00:00:00,0.65,0.70,0.60,0.65,0.60,0.65,0.64,1
DEL18DT,2015-10-28T00:00:00,0.55,0.55,0.65,0.80,0.90,0.85,0.72,<1
DEL18DT,2015-10-29T00:00:00,0.90,0.85,0.90,0.65,0.75,0.75,0.80,1
DEL18DT,2015-10-30T00:00:00,0.75,0.75,0.85,0.80,0.85,0.85,0.81,4
DEL18DT,2015-10-31T00:00:00,0.70,0.75,0.75,0.75,0.70,0.80,0.74,2
DEL18DT,2015-11-01T00:00:00,0.75,0.75,0.70,0.70,0.80,0.80,0.75,1
DEL18DT,2015-11-02T00:00:00,0.75,0.75,0.80,0.75,0.80,0.90,0.79,3
DEL18DT,2015-11-03T00:00:00,0.85,0.85,0.85,1.00,0.85,1.00,0.90,1
DEL18DT,2015-11-04T00:00:00,0.95,0.95,0.80,0.80,0.75,0.85,0.85,3
DEL18DT,2015-11-05T00:00:00,0.85,0.80,0.80,0.70,0.80,0.85,0.80,<1
DEL18DT,2015-11-06T00:00:00,0.80,0.80,0.85,0.75,0.90,0.85,0.83,1
DEL18DT,2015-11-07T00:00:00,0.75,0.75,0.80,0.70,0.70,0.70,0.73,1
DEL18DT,2015-11-08T00:00:00,0.70,0.70,0.70,0.85,0.80,0.70,0.74,1
DEL18DT,2015-11-09T00:00:00,0.75,0.70,0.75,0.80,0.75,0.75,0.75,1
DEL18DT,2015-11-10T00:00:00,0.65,0.75,0.75,0.85,0.80,0.85,0.78,1
DEL18DT,2015-11-11T00:00:00,0.85,0.85,0.80,0.80,0.80,0.85,0.83,<1
DEL18DT,2015-11-12T00:00:00,0.75,0.75,0.80,0.75,0.70,0.75,0.75,<1
DEL18DT,2015-11-13T00:00:00,1.00,1.00,1.00,0.90,0.80,0.80,0.92,2
DEL18DT,2015-11-14T00:00:00,0.80,0.85,0.75,0.65,0.70,0.70,0.74,<1
DEL18DT,2015-11-15T00:00:00,0.70,0.70,0.70,0.85,0.90,0.85,0.78,1
DEL18DT,2015-11-16T00:00:00,0.85,0.80,0.80,0.75,0.85,0.75,0.80,1
DEL18DT,2015-11-17T00:00:00,0.80,0.75,0.75,0.65,0.65,0.75,0.73,3
DEL18DT,2015-11-18T00:00:00,0.65,0.70,0.75,0.80,0.85,0.85,0.77,<1
DEL18DT,2015-11-19T00:00:00,0.90,0.85,0.80,0.95,0.80,0.85,0.86,1
DEL18DT,2015-11-20T00:00:00,0.90,0.95,,0.85,0.80,0.80,0.86,2
DEL18DT,2015-11-21T00:00:00,0.85,0.80,0.80,0.75,0.70,0.70,0.77,1
DEL18DT,2015-11-22T00:00:00,0.75,0.75,0.70,0.60,0.65,0.60,0.68,1
DEL18DT,2015-11-23T00:00:00,0.70,0.65,0.65,0.70,0.65,0.65,0.67,<1
DEL18DT,2015-11-24T00:00:00,0.65,0.65,0.65,0.75,0.70,0.65,0.68,2
DEL18DT,2015-11-25T00:00:00,0.70,0.70,0.75,0.70,0.75,0.80,0.73,1
DEL18DT,2015-11-26T00:00:00,0.70,0.70,0.75,0.70,0.80,0.70,0.73,3
DEL18DT,2015-11-27T00:00:00,0.75,0.70,0.75,0.80,0.75,0.75,0.75,<1
DEL18DT,2015-11-28T00:00:00,0.80,0.75,0.75,0.65,0.70,0.60,0.71,1
DEL18DT,2015-11-29T00:00:00,0.65,0.65,0.65,0.90,0.65,0.70,0.70,<1
DEL18DT,2015-11-30T00:00:00,0.70,0.70,0.75,0.75,0.65,0.70,0.71,2
DEL18DT,2015-12-01T00:00:00,0.75,0.70,0.75,0.70,0.70,0.75,0.73,<1
DEL18DT,2015-12-02T00:00:00,0.70,0.75,0.70,0.60,0.60,0.65,0.67,<1
DEL18DT,2015-12-03T00:00:00,0.65,0.70,0.75,0.85,0.90,0.85,0.78,<1
DEL18DT,2015-12-04T00:00:00,0.85,0.90,0.85,0.75,0.75,0.80,0.82,<1
DEL18DT,2015-12-05T00:00:00,0.75,0.70,0.85,0.65,0.70,0.70,0.73,1
DEL18DT,2015-12-06T00:00:00,0.75,0.70,0.70,0.75,0.75,0.80,0.74,1
DEL18DT,2015-12-07T00:00:00,0.85,0.75,0.85,0.90,0.75,0.75,0.81,<1
DEL18DT,2015-12-08T00:00:00,0.65,0.65,0.70,0.65,0.70,0.65,0.67,<1
DEL18DT,2015-12-09T00:00:00,0.65,0.65,0.65,0.65,0.75,0.75,0.68,1
DEL18DT,2015-12-10T00:00:00,0.75,0.80,0.80,0.80,0.80,0.90,0.81,1
DEL18DT,2015-12-11T00:00:00,0.80,0.80,0.85,0.75,0.90,0.80,0.82,<1
DEL18DT,2015-12-12T00:00:00,0.85,0.80,0.85,0.65,0.65,0.70,0.75,<1
DEL18DT,2015-12-13T00:00:00,0.70,0.70,0.65,0.75,0.70,0.70,0.70,<1
DEL18DT,2015-12-14T00:00:00,0.75,0.70,0.75,0.90,0.80,0.90,0.80,<1
DEL18DT,2015-12-15T00:00:00,0.80,0.75,0.90,1.00,0.85,0.75,0.84,<1
DEL18DT,2015-12-16T00:00:00,0.85,0.80,0.70,0.70,0.70,0.65,0.73,3
DEL18DT,2015-12-17T00:00:00,0.65,0.65,0.75,0.80,0.75,0.70,0.72,1
DEL18DT,2015-12-18T00:00:00,0.70,0.75,0.80,0.85,0.80,0.90,0.80,4
DEL18DT,2015-12-19T00:00:00,0.85,0.85,0.95,0.65,0.65,0.65,0.77,<1
DEL18DT,2015-12-20T00:00:00,0.65,0.70,0.70,0.75,0.75,0.85,0.73,1
DEL18DT,2015-12-21T00:00:00,0.90,0.80,0.85,0.65,0.70,0.75,0.78,<1
DEL18DT,2015-12-22T00:00:00,0.75,0.75,0.80,0.85,0.90,0.95,0.83,2
DEL18DT,2015-12-23T00:00:00,0.95,0.95,0.85,0.70,0.70,0.65,0.80,2
DEL18DT,2015-12-24T00:00:00,0.65,0.75,0.75,0.65,0.75,0.80,0.73,1
DEL18DT,2015-12-25T00:00:00,0.80,0.75,0.70,0.85,0.85,0.85,0.80,1
DEL18DT,2015-12-26T00:00:00,0.80,0.80,0.80,0.70,0.70,0.75,0.76,<1
DEL18DT,2015-12-27T00:00:00,0.70,0.75,0.75,0.65,0.70,0.75,0.72,<1
DEL18DT,2015-12-28T00:00:00,0.70,0.70,0.80,0.75,0.75,0.75,0.74,<1
DEL18DT,2015-12-29T00:00:00,0.75,0.85,1.10,0.70,0.85,0.65,0.82,1
DEL18DT,2015-12-30T00:00:00,0.75,0.70,0.75,0.80,0.85,0.75,0.77,1
DEL18DT,2015-12-31T00:00:00,0.80,0.80,0.85,0.90,0.80,0.85,0.83,2
DEL18DT,2015-12-13T00:00:00,,0.70,0.65,0.75,0.70,0.70,0.70,<1
DEL18DT,2015-12-14T00:00:00,0.75,0.70,0.75,0.90,0.80,0.90,0.80,<1
DEL18DT,2015-12-15T00:00:00,0.80,0.75,0.90,1.00,0.85,0.75,0.84,<1
DEL18DT,2015-12-16T00:00:00,0.85,0.80,0.70,0.70,0.70,0.65,0.73,3
DEL18DT,2015-12-17T00:00:00,0.65,0.65,0.75,0.80,0.75,0.70,0.72,1
DEL18DT,2015-12-18T00:00:00,0.70,0.75,0.80,0.85,0.80,0.90,0.80,4
DEL18DT,2015-12-19T00:00:00,0.85,0.85,0.95,0.65,0.65,0.65,0.77,<1
DEL18DT,2015-12-20T00:00:00,0.65,0.70,0.70,0.75,0.75,0.85,0.73,1
DEL18DT,2015-12-21T00:00:00,0.90,0.80,0.85,0.65,0.70,0.75,0.78,<1
DEL18DT,2015-12-22T00:00:00,0.75,0.75,0.80,0.85,0.90,0.95,0.83,2
DEL18DT,2015-12-23T00:00:00,0.95,0.95,0.85,0.70,0.70,0.65,0.80,2
DEL18DT,2015-12-24T00:00:00,0.65,0.75,0.75,0.65,0.75,0.80,0.73,1
DEL18DT,2015-12-25T00:00:00,0.80,0.75,0.70,0.85,0.85,0.85,0.80,1
DEL18DT,2015-12-26T00:00:00,0.80,0.80,0.80,0.70,0.70,0.75,0.76,<1
DEL18DT,2015-12-27T00:00:00,0.70,0.75,0.75,0.65,0.70,0.75,0.72,<1
DEL18DT,2015-12-28T00:00:00,0.70,0.70,0.80,0.75,0.75,0.75,0.74,<1
DEL18DT,2015-12-29T00:00:00,0.75,0.85,1.10,0.70,0.85,0.65,0.82,1
DEL18DT,2015-12-30T00:00:00,0.75,0.70,0.75,0.80,0.85,0.75,0.77,1
DEL18DT,2015-12-31T00:00:00,0.80,0.80,0.85,0.90,0.80,0.85,0.83,2
DEL18DT,2016-01-01T00:00:00,0.90,0.90,0.85,0.80,0.75,0.85,0.84,<1
DEL18DT,2016-01-02T00:00:00,0.80,0.85,0.90,0.65,0.65,0.65,0.75,2
DEL18DT,2016-01-03T00:00:00,0.65,0.70,0.70,0.80,0.80,0.75,0.73,<1
DEL18DT,2016-01-04T00:00:00,0.85,0.80,0.85,0.75,0.95,0.80,0.83,<1
DEL18DT,2016-01-05T00:00:00,0.70,0.80,0.80,0.85,0.75,0.85,0.79,<1
DEL18DT,2016-01-06T00:00:00,0.75,0.85,0.80,0.80,0.75,0.80,0.79,<1
DEL18DT,2016-01-07T00:00:00,0.80,0.75,0.80,0.75,0.80,0.85,0.79,<1
DEL18DT,2016-01-08T00:00:00,0.85,0.85,0.80,0.75,0.80,0.85,0.82,1
DEL18DT,2016-01-09T00:00:00,0.75,0.90,0.80,0.75,0.65,0.75,0.77,<1
DEL18DT,2016-01-10T00:00:00,0.70,0.75,1.00,0.80,1.10,0.95,0.88,2
DEL18DT,2016-01-11T00:00:00,0.90,0.85,0.85,0.70,0.75,0.75,0.80,3
DEL18DT,2016-01-12T00:00:00,0.75,0.85,0.85,0.75,0.80,0.80,0.80,1
DEL18DT,2016-01-13T00:00:00,0.85,0.85,0.85,0.90,0.80,0.85,0.85,1
DEL18DT,2016-01-14T00:00:00,0.95,0.85,1.00,0.85,0.85,0.85,0.89,<1
DEL18DT,2016-01-15T00:00:00,0.90,0.80,0.85,0.80,0.85,0.85,0.84,<1
DEL18DT,2016-01-16T00:00:00,0.80,0.85,0.85,0.70,0.75,0.80,0.79,<1
DEL18DT,2016-01-17T00:00:00,0.80,0.80,0.75,0.80,0.85,0.75,0.79,<1
DEL18DT,2016-01-18T00:00:00,0.80,0.70,0.80,0.85,0.75,0.80,0.78,<1
DEL18DT,2016-01-19T00:00:00,0.70,0.80,0.75,0.70,0.85,0.80,0.77,<1
DEL18DT,2016-01-20T00:00:00,0.80,0.75,0.75,1.00,1.00,1.00,0.88,1
DEL18DT,2016-01-21T00:00:00,0.85,0.75,0.80,0.75,0.80,0.75,0.78,<1
DEL18DT,2016-01-22T00:00:00,0.85,0.75,0.75,0.90,0.95,0.90,0.85,<1
DEL18DT,2016-01-23T00:00:00,0.80,0.90,0.90,0.95,0.95,1.00,0.92,<1
DEL18DT,2016-01-24T00:00:00,1.00,0.85,0.90,1.10,0.75,0.65,0.88,<1
DEL18DT,2016-01-25T00:00:00,0.75,0.70,0.65,0.85,0.85,0.95,0.79,2
DEL18DT,2016-01-26T00:00:00,1.10,0.85,0.85,0.85,0.90,0.95,0.92,1
DEL18DT,2016-01-27T00:00:00,0.95,1.00,0.75,0.85,0.85,0.85,0.88,<1
DEL18DT,2016-01-28T00:00:00,0.85,0.90,0.80,0.85,0.85,0.95,0.87,<1
DEL18DT,2016-01-29T00:00:00,0.80,0.95,0.85,0.95,0.95,0.85,0.89,<1
DEL18DT,2016-01-30T00:00:00,0.90,0.90,0.90,0.80,0.80,0.80,0.85,<1
DEL18DT,2016-01-31T00:00:00,0.85,0.80,0.85,0.90,0.75,0.80,0.83,<1
DEL18DT,2016-02-01T00:00:00,0.80,0.80,0.80,0.80,0.90,0.85,0.83,<1
DEL18DT,2016-02-02T00:00:00,0.95,0.95,0.95,,,,0.95,<1
DEL18DT,2016-02-03T00:00:00,,0.95,0.90,0.90,0.95,0.95,0.93,<1
DEL18DT,2016-02-04T00:00:00,0.95,0.85,0.85,0.90,1.00,0.90,0.91,<1
DEL18DT,2016-02-05T00:00:00,0.90,0.90,0.90,0.90,0.95,0.95,0.92,<1
DEL18DT,2016-02-06T00:00:00,0.90,0.95,0.85,0.90,0.85,0.80,0.88,<1
DEL18DT,2016-02-07T00:00:00,0.90,0.90,0.80,0.80,0.85,0.85,0.85,1
DEL18DT,2016-02-08T00:00:00,0.90,0.85,1.10,1.20,0.85,1.00,0.98,<1
DEL18DT,2016-02-09T00:00:00,0.90,0.90,0.90,0.80,0.85,0.85,0.87,3
DEL18DT,2016-02-10T00:00:00,0.80,0.85,0.90,1.20,0.95,0.95,0.94,<1
DEL18DT,2016-02-11T00:00:00,0.90,0.90,0.85,,,,0.88,<1
DEL18DT,2016-02-12T00:00:00,0.80,0.85,0.80,1.00,0.80,0.95,0.87,1
DEL18DT,2016-02-13T00:00:00,0.95,1.00,1.00,0.85,0.80,0.85,0.91,1
DEL18DT,2016-02-14T00:00:00,0.85,0.85,0.90,0.90,0.95,0.95,0.90,<1
DEL18DT,2016-02-15T00:00:00,1.00,1.00,0.95,0.85,1.10,0.90,0.97,<1
DEL18DT,2016-02-16T00:00:00,0.90,0.90,1.00,0.90,1.00,0.90,0.93,2
DEL18DT,2016-02-17T00:00:00,0.95,0.90,1.00,0.85,0.85,0.85,0.90,2
DEL18DT,2016-02-18T00:00:00,0.85,0.80,0.95,0.80,0.80,0.85,0.84,<1
DEL18DT,2016-02-19T00:00:00,1.10,0.90,0.85,1.00,1.10,1.10,1.01,4
DEL18DT,2016-02-20T00:00:00,1.00,1.10,1.00,0.85,0.80,1.10,0.98,<1
DEL18DT,2016-02-21T00:00:00,1.00,0.90,0.85,0.85,0.95,0.95,0.92,<1
DEL18DT,2016-02-22T00:00:00,0.95,1.00,0.95,0.90,0.85,0.85,0.92,<1
DEL18DT,2016-02-23T00:00:00,0.95,0.85,0.95,1.30,1.30,1.40,1.13,<1
DEL18DT,2016-02-24T00:00:00,1.50,1.40,1.20,1.30,1.10,1.20,1.28,1
DEL18DT,2016-02-25T00:00:00,1.10,1.00,1.00,0.85,1.10,1.00,1.01,1
DEL18DT,2016-02-26T00:00:00,0.95,1.00,0.95,1.10,1.10,1.10,1.03,1
DEL18DT,2016-02-27T00:00:00,1.00,1.10,1.10,0.85,0.80,0.90,0.96,<1
DEL18DT,2016-02-28T00:00:00,0.95,0.95,1.00,0.90,0.85,0.85,0.92,2
DEL18DT,2016-02-29T00:00:00,0.90,0.90,1.00,0.75,0.90,0.90,0.89,1
DEL18DT,2016-03-01T00:00:00,0.85,0.85,0.85,0.85,0.90,0.90,0.87,<1
DEL18DT,2016-03-02T00:00:00,0.90,0.90,0.90,0.90,0.90,0.85,0.89,<1
DEL18DT,2016-03-03T00:00:00,0.85,0.85,0.90,0.85,1.00,0.90,0.89,<1
DEL18DT,2016-03-04T00:00:00,0.85,0.85,0.90,0.85,0.90,0.85,0.87,<1
DEL18DT,2016-03-05T00:00:00,0.85,0.90,0.85,0.85,0.80,1.20,0.91,<1
DEL18DT,2016-03-06T00:00:00,1.10,0.80,0.85,0.80,0.75,0.85,0.86,<1
DEL18DT,2016-03-07T00:00:00,0.85,0.85,0.85,0.85,0.85,0.95,0.87,<1
DEL18DT,2016-03-08T00:00:00,0.95,0.90,0.95,1.00,1.00,0.85,0.94,<1
DEL18DT,2016-03-09T00:00:00,0.90,0.90,0.85,0.85,0.80,0.90,0.87,<1
DEL18DT,2016-03-10T00:00:00,0.95,0.95,0.95,0.95,1.00,0.90,0.95,<1
DEL18DT,2016-03-11T00:00:00,0.90,0.90,0.85,0.80,0.95,1.00,0.90,<1
DEL18DT,2016-03-12T00:00:00,0.95,0.90,0.85,0.75,0.85,0.85,0.86,<1
DEL18DT,2016-03-13T00:00:00,0.85,0.85,0.85,0.85,0.85,0.85,0.85,<1
DEL18DT,2016-03-14T00:00:00,0.80,0.95,0.85,1.10,1.10,1.00,0.97,1
DEL18DT,2016-03-15T00:00:00,1.00,0.95,0.90,0.95,1.10,0.90,0.97,<1
DEL18DT,2016-03-16T00:00:00,0.90,0.90,0.85,1.00,0.80,0.90,0.89,<1
DEL18DT,2016-03-17T00:00:00,0.90,0.95,0.90,0.90,0.80,0.80,0.88,<1
DEL18DT,2016-03-18T00:00:00,0.90,0.95,0.85,0.80,0.80,0.80,0.85,<1
DEL18DT,2016-03-19T00:00:00,0.90,0.85,0.95,0.80,0.85,0.85,0.87,<1
DEL18DT,2016-03-20T00:00:00,0.85,0.85,0.85,0.80,1.00,1.00,0.89,<1
DEL18DT,2016-03-21T00:00:00,1.10,0.95,0.95,0.80,0.80,0.80,0.90,<1
DEL18DT,2016-03-22T00:00:00,0.80,0.85,0.85,0.80,0.80,0.80,0.82,<1
DEL18DT,2016-03-23T00:00:00,0.75,0.75,0.80,0.95,0.95,0.95,0.86,1
DEL18DT,2016-03-24T00:00:00,0.90,0.85,0.90,0.80,0.90,0.85,0.87,1
DEL18DT,2016-03-25T00:00:00,0.90,0.80,0.80,0.80,0.95,0.90,0.86,<1
DEL18DT,2016-03-26T00:00:00,0.85,1.00,0.85,0.80,0.75,0.80,0.84,<1
DEL18DT,2016-03-27T00:00:00,0.85,0.85,1.00,0.80,0.80,0.75,0.84,<1
DEL18DT,2016-03-28T00:00:00,0.75,0.80,0.75,0.75,0.80,0.90,0.79,1
DEL18DT,2016-03-29T00:00:00,0.80,0.85,0.70,0.85,0.75,0.75,0.78,<1
DEL18DT,2016-03-30T00:00:00,0.85,0.85,0.85,0.80,0.90,0.80,0.84,<1
DEL18DT,2016-03-31T00:00:00,0.75,0.75,0.75,0.80,0.75,0.85,0.78,<1
DEL18DT,2016-04-01T00:00:00,0.90,0.85,0.85,0.85,0.90,0.95,0.88,<1
DEL18DT,2016-04-02T00:00:00,0.85,1.00,0.85,1.10,0.95,0.90,0.94,<1
DEL18DT,2016-04-03T00:00:00,0.90,0.90,1.10,0.80,0.85,0.80,0.89,<1
DEL18DT,2016-04-04T00:00:00,0.85,0.85,0.90,0.80,0.90,1.00,0.88,<1
DEL18DT,2016-04-05T00:00:00,1.00,1.00,1.10,0.95,0.85,0.95,0.98,<1
DEL18DT,2016-04-06T00:00:00,0.85,0.95,0.90,0.90,0.85,0.95,0.90,<1
DEL18DT,2016-04-07T00:00:00,1.00,0.95,0.95,0.80,0.90,0.85,0.91,<1
DEL18DT,2016-04-08T00:00:00,0.85,0.85,0.85,0.80,0.80,0.95,0.85,1
DEL18DT,2016-04-09T00:00:00,0.90,0.90,1.00,0.90,0.90,0.90,0.92,<1
DEL18DT,2016-04-10T00:00:00,0.95,0.80,0.90,0.80,0.85,0.85,0.86,<1
DEL18DT,2016-04-11T00:00:00,0.80,1.00,0.85,0.85,1.30,1.10,0.98,<1
DEL18DT,2016-04-12T00:00:00,0.95,0.90,1.00,0.85,0.85,0.90,0.91,<1
DEL18DT,2016-04-13T00:00:00,0.80,0.85,0.95,0.90,1.00,1.10,0.93,<1
DEL18DT,2016-04-14T00:00:00,0.95,1.10,0.90,0.95,1.00,0.85,0.96,<1
DEL18DT,2016-04-15T00:00:00,0.95,1.00,1.00,1.00,0.90,0.85,0.95,<1
DEL18DT,2016-04-16T00:00:00,0.85,0.90,1.00,1.10,1.00,1.00,0.98,<1
DEL18DT,2016-04-17T00:00:00,0.95,1.00,0.95,0.95,1.00,1.10,0.99,<1
DEL18DT,2016-04-18T00:00:00,0.95,1.00,1.00,1.00,0.80,0.90,0.94,<1
DEL18DT,2016-04-19T00:00:00,0.85,0.90,0.90,1.00,1.10,1.10,0.98,<1
DEL18DT,2016-04-20T00:00:00,0.90,1.00,1.00,0.95,0.90,0.95,0.95,<1
DEL18DT,2016-04-21T00:00:00,1.00,1.00,0.90,1.00,1.00,1.00,0.98,<1
DEL18DT,2016-04-22T00:00:00,1.00,1.00,0.95,0.90,0.90,0.90,0.94,<1
DEL18DT,2016-04-23T00:00:00,1.00,0.95,1.00,0.80,0.85,0.85,0.91,1
DEL18DT,2016-04-24T00:00:00,0.95,1.20,0.90,0.95,0.85,0.90,0.96,<1
DEL18DT,2016-04-25T00:00:00,0.85,0.90,0.85,0.85,0.85,0.80,0.85,<1
DEL18DT,2016-04-26T00:00:00,0.85,0.85,0.90,0.80,0.95,0.85,0.87,<1
DEL18DT,2016-04-27T00:00:00,0.80,0.75,0.80,0.75,0.75,0.85,0.78,<1
DEL18DT,2016-04-28T00:00:00,0.80,0.85,0.85,0.80,0.75,0.80,0.81,1
DEL18DT,2016-04-29T00:00:00,0.80,0.80,0.80,0.80,0.80,0.70,0.78,<1
DEL18DT,2016-04-30T00:00:00,0.60,0.70,0.70,0.75,0.80,1.00,0.76,<1
DEL18DT,2016-05-01T00:00:00,0.95,1.10,0.85,0.75,0.65,0.70,0.83,<1
DEL18DT,2016-05-02T00:00:00,0.70,0.75,0.75,0.75,0.75,0.80,0.75,<1
DEL18DT,2016-05-03T00:00:00,0.90,0.75,0.80,0.70,0.80,0.75,0.78,<1
DEL18DT,2016-05-04T00:00:00,0.70,0.75,0.65,0.75,0.75,0.75,0.73,<1
DEL18DT,2016-05-05T00:00:00,0.70,0.70,0.70,0.70,0.75,0.85,0.73,<1
DEL18DT,2016-05-06T00:00:00,0.85,0.75,0.80,1.00,0.80,0.95,0.86,<1
DEL18DT,2016-05-07T00:00:00,0.85,0.95,0.95,0.85,0.80,0.90,0.88,2
DEL18DT,2016-05-08T00:00:00,0.95,0.80,0.85,0.85,0.75,0.75,0.83,<1
DEL18DT,2016-05-09T00:00:00,0.75,0.85,0.85,0.90,0.80,0.75,0.82,1
DEL18DT,2016-05-10T00:00:00,0.75,0.85,0.70,0.70,0.75,0.80,0.76,<1
DEL18DT,2016-05-11T00:00:00,0.85,1.00,0.90,0.70,0.80,0.65,0.82,<1
DEL18DT,2016-05-12T00:00:00,0.65,0.70,0.75,0.65,0.70,0.75,0.70,<1
DEL18DT,2016-05-13T00:00:00,0.85,0.80,0.75,0.75,0.80,0.75,0.78,<1
DEL18DT,2016-05-14T00:00:00,0.80,0.80,0.75,0.75,0.80,0.70,0.77,1
DEL18DT,2016-05-15T00:00:00,0.95,0.80,0.85,0.85,0.75,0.85,0.84,<1
DEL18DT,2016-05-16T00:00:00,0.75,0.75,0.70,0.60,0.85,0.80,0.74,<1
DEL18DT,2016-05-17T00:00:00,0.90,0.80,0.75,0.80,0.65,0.75,0.78,<1
DEL18DT,2016-05-18T00:00:00,0.70,0.75,0.75,0.80,0.75,0.85,0.77,<1
DEL18DT,2016-05-19T00:00:00,0.70,0.75,0.70,0.65,0.80,0.75,0.73,<1
DEL18DT,2016-05-20T00:00:00,0.80,0.75,0.80,0.75,0.85,0.65,0.77,1
DEL18DT,2016-05-21T00:00:00,0.85,0.80,0.80,0.80,0.75,0.80,0.80,<1
DEL18DT,2016-05-22T00:00:00,0.75,0.70,0.75,0.75,0.70,0.75,0.73,<1
DEL18DT,2016-05-23T00:00:00,0.80,0.70,0.80,0.70,0.75,0.70,0.74,1
DEL18DT,2016-05-24T00:00:00,0.80,0.85,0.70,0.80,0.80,0.75,0.78,1
DEL18DT,2016-05-25T00:00:00,0.75,0.70,0.75,0.85,0.90,0.70,0.78,<1
DEL18DT,2016-05-26T00:00:00,0.85,0.85,0.85,0.70,0.75,0.80,0.80,1
DEL18DT,2016-05-27T00:00:00,0.80,0.75,0.70,0.70,0.75,0.75,0.74,1
DEL18DT,2016-05-28T00:00:00,0.75,0.80,0.70,0.75,0.75,0.80,0.76,<1
DEL18DT,2016-05-29T00:00:00,0.70,0.75,0.75,0.80,0.75,0.85,0.77,<1
DEL18DT,2016-05-30T00:00:00,0.70,0.80,0.75,0.70,0.75,0.70,0.73,1
DEL18DT,2016-05-31T00:00:00,0.95,0.80,0.75,0.80,0.75,0.75,0.80,2
DEL18DT,2016-06-01T00:00:00,0.70,0.85,0.75,,0.90,0.65,0.77,
DEL18DT,2016-06-02T00:00:00,0.65,0.70,0.65,0.70,0.70,0.75,0.69,<1
DEL18DT,2016-06-03T00:00:00,0.80,0.60,0.75,0.65,0.65,0.70,0.69,<1
DEL18DT,2016-06-04T00:00:00,0.65,0.65,0.70,0.70,0.75,0.70,0.69,<1
DEL18DT,2016-06-05T00:00:00,0.75,0.80,0.80,1.00,0.65,0.70,0.78,<1
DEL18DT,2016-06-06T00:00:00,0.80,0.70,0.75,0.65,0.65,0.70,0.71,<1
DEL18DT,2016-06-07T00:00:00,0.70,0.70,0.65,0.60,0.75,0.85,0.71,<1
DEL18DT,2016-06-08T00:00:00,0.70,0.75,0.65,0.70,0.70,0.70,0.70,3
DEL18DT,2016-06-09T00:00:00,0.80,0.70,0.70,0.70,0.75,0.80,0.74,<1
DEL18DT,2016-06-10T00:00:00,0.85,0.75,0.75,0.75,0.75,0.70,0.76,<1
DEL18DT,2016-06-11T00:00:00,0.60,0.70,0.80,0.75,0.80,0.80,0.74,1
DEL18DT,2016-06-12T00:00:00,0.80,0.75,0.75,0.95,0.85,0.85,0.83,1
DEL18DT,2016-06-13T00:00:00,0.80,0.85,0.80,0.70,0.85,0.75,0.79,<1
DEL18DT,2016-06-14T00:00:00,0.75,0.80,0.80,0.95,0.90,0.80,0.83,2
DEL18DT,2016-06-15T00:00:00,0.80,0.85,0.80,0.90,1.00,0.85,0.87,1
DEL18DT,2016-06-16T00:00:00,0.85,0.95,0.90,0.80,0.80,0.95,0.88,<1
DEL18DT,2016-06-17T00:00:00,0.90,0.90,1.30,0.80,1.00,0.80,0.95,1
DEL18DT,2016-06-18T00:00:00,0.85,0.95,0.80,0.85,1.00,1.10,0.93,<1
DEL18DT,2016-06-19T00:00:00,0.95,0.95,0.85,0.90,0.85,0.90,0.90,<1
DEL18DT,2016-06-20T00:00:00,0.95,0.80,0.70,0.90,4.30,0.90,1.43,1
DEL18DT,2016-06-21T00:00:00,0.95,0.90,0.85,0.85,0.90,0.80,0.88,1
DEL18DT,2016-06-22T00:00:00,0.80,0.85,1.00,0.85,0.85,0.90,0.88,<1
DEL18DT,2016-06-23T00:00:00,0.90,0.90,0.80,0.95,0.90,0.85,0.88,<1
DEL18DT,2016-06-24T00:00:00,0.80,0.80,0.85,0.65,0.70,0.75,0.76,<1
DEL18DT,2016-06-25T00:00:00,0.80,0.75,0.70,0.80,0.75,0.80,0.77,1
DEL18DT,2016-06-26T00:00:00,0.85,0.80,0.75,0.85,0.75,0.75,0.79,<1
DEL18DT,2016-06-27T00:00:00,0.80,0.70,0.80,0.95,0.85,1.10,0.87,<1
DEL18DT,2016-06-28T00:00:00,0.95,0.90,0.95,0.70,0.70,0.70,0.82,<1
DEL18DT,2016-06-29T00:00:00,0.80,0.75,0.80,0.80,1.10,0.65,0.82,<1
DEL18DT,2016-06-30T00:00:00,0.65,0.80,0.75,0.80,0.90,0.85,0.79,1
DEL18DT,2016-07-01T00:00:00,0.80,0.90,0.70,0.55,0.75,0.65,0.73,<1
DEL18DT,2016-07-02T00:00:00,0.65,0.65,0.70,0.85,0.85,0.85,0.76,1
DEL18DT,2016-07-03T00:00:00,0.75,0.70,0.70,0.80,0.80,0.75,0.75,<1
DEL18DT,2016-07-04T00:00:00,0.70,0.70,0.70,0.75,0.80,0.85,0.75,<1
DEL18DT,2016-07-05T00:00:00,0.85,0.80,0.70,0.70,0.70,0.70,0.74,1
DEL18DT,2016-07-06T00:00:00,0.80,0.65,0.65,0.90,0.75,0.75,0.75,<1
DEL18DT,2016-07-07T00:00:00,0.75,0.75,0.80,0.80,0.70,0.75,0.76,<1
DEL18DT,2016-07-08T00:00:00,0.75,0.65,0.80,0.75,0.70,0.70,0.73,<1
DEL18DT,2016-07-09T00:00:00,0.65,0.65,0.70,0.65,0.65,0.65,0.66,1
DEL18DT,2016-07-10T00:00:00,0.65,0.65,0.65,0.60,0.65,0.65,0.64,<1
DEL18DT,2016-07-11T00:00:00,0.65,0.70,0.65,0.70,0.60,0.70,0.67,<1
DEL18DT,2016-07-12T00:00:00,0.60,0.60,0.65,0.60,0.65,0.65,0.63,1
DEL18DT,2016-07-13T00:00:00,0.65,0.65,0.65,0.60,0.70,0.55,0.63,<1
DEL18DT,2016-07-14T00:00:00,0.55,0.60,0.65,0.70,0.65,0.65,0.63,<1
DEL18DT,2016-07-15T00:00:00,0.60,0.65,1.30,0.60,0.60,0.65,0.73,2
DEL18DT,2016-07-16T00:00:00,0.60,0.70,0.60,0.75,0.70,0.70,0.68,2
DEL18DT,2016-07-17T00:00:00,0.65,0.65,0.60,0.80,0.75,0.70,0.69,1
DEL18DT,2016-07-18T00:00:00,0.80,0.70,0.65,0.75,0.70,0.75,0.73,<1
DEL18DT,2016-07-19T00:00:00,0.70,0.65,0.70,0.70,0.80,0.75,0.72,1
DEL18DT,2016-07-20T00:00:00,0.75,0.75,0.80,0.80,0.70,0.70,0.75,<1
DEL18DT,2016-07-21T00:00:00,0.80,0.80,0.80,0.75,0.75,0.80,0.78,<1
DEL18DT,2016-07-22T00:00:00,0.80,0.70,0.75,0.70,0.70,0.85,0.75,<1
DEL18DT,2016-07-23T00:00:00,0.80,0.75,0.75,0.85,0.95,0.90,0.83,<1
DEL18DT,2016-07-24T00:00:00,0.85,0.90,0.75,0.80,0.90,0.95,0.86,<1
DEL18DT,2016-07-25T00:00:00,0.95,0.90,0.80,0.80,0.90,0.85,0.87,<1
DEL18DT,2016-07-26T00:00:00,1.10,1.00,1.20,0.90,0.80,0.85,0.98,<1
DEL18DT,2016-07-27T00:00:00,0.90,0.85,0.90,1.20,0.85,0.85,0.93,<1
DEL18DT,2016-07-28T00:00:00,0.80,0.90,0.85,0.85,0.95,1.40,0.96,<1
DEL18DT,2016-07-29T00:00:00,0.85,0.80,0.80,0.75,0.70,0.95,0.81,2
DEL18DT,2016-07-30T00:00:00,0.80,0.75,0.75,0.80,0.75,0.85,0.78,<1
DEL18DT,2016-07-31T00:00:00,0.85,0.85,0.80,0.65,0.60,0.60,0.73,<1
DEL18DT,2016-08-01T00:00:00,0.70,0.75,0.75,0.65,0.65,0.70,0.70,2
DEL18DT,2016-08-02T00:00:00,0.75,0.70,0.80,0.70,0.75,0.75,0.74,1
DEL18DT,2016-08-03T00:00:00,0.75,0.70,0.75,0.85,0.80,0.70,0.76,1
DEL18DT,2016-08-04T00:00:00,0.75,0.75,0.75,0.80,0.75,0.80,0.77,<1
DEL18DT,2016-08-05T00:00:00,0.75,0.75,0.70,0.85,0.75,0.70,0.75,2
DEL18DT,2016-08-06T00:00:00,0.65,0.75,0.75,0.85,0.90,0.85,0.79,<1
DEL18DT,2016-08-07T00:00:00,0.85,0.85,0.70,0.70,0.95,0.85,0.82,<1
DEL18DT,2016-08-08T00:00:00,0.75,0.75,0.70,0.70,0.85,0.75,0.75,<1
DEL18DT,2016-08-09T00:00:00,0.85,0.75,0.75,0.80,0.85,0.85,0.81,<1
DEL18DT,2016-08-10T00:00:00,0.80,0.80,0.70,0.80,0.80,0.80,0.78,1
DEL18DT,2016-08-11T00:00:00,0.80,0.85,0.80,0.80,0.80,0.85,0.82,<1
DEL18DT,2016-08-12T00:00:00,0.90,0.70,0.80,0.85,0.80,0.75,0.80,<1
DEL18DT,2016-08-13T00:00:00,0.75,0.80,0.80,0.85,0.85,0.95,0.83,<1
DEL18DT,2016-08-14T00:00:00,0.90,0.80,0.80,0.85,0.85,0.90,0.85,2
DEL18DT,2016-08-15T00:00:00,0.80,0.80,0.75,0.80,0.85,0.85,0.81,1
DEL18DT,2016-08-16T00:00:00,0.65,0.75,0.75,0.75,0.75,0.85,0.75,1
DEL18DT,2016-08-17T00:00:00,0.80,0.80,0.85,0.80,0.75,0.85,0.81,<1
DEL18DT,2016-08-18T00:00:00,0.85,0.75,0.85,0.75,0.75,0.75,0.78,1
DEL18DT,2016-08-19T00:00:00,0.75,0.80,0.80,0.70,0.80,0.85,0.78,1
DEL18DT,2016-08-20T00:00:00,0.85,0.80,0.75,0.80,0.80,0.80,0.80,<1
DEL18DT,2016-08-21T00:00:00,0.75,0.80,0.80,0.70,0.80,0.75,0.77,1
DEL18DT,2016-08-22T00:00:00,0.70,0.75,0.80,0.80,0.85,0.80,0.78,1
DEL18DT,2016-08-23T00:00:00,0.85,0.85,0.80,0.80,0.80,0.75,0.81,<1
DEL18DT,2016-08-24T00:00:00,0.70,0.80,0.75,0.75,0.70,0.80,0.75,<1
DEL18DT,2016-08-25T00:00:00,0.80,0.80,0.75,0.80,0.80,0.75,0.78,1
DEL18DT,2016-08-26T00:00:00,0.75,0.70,0.75,0.80,0.75,0.70,0.74,<1
DEL18DT,2016-08-27T00:00:00,0.70,0.80,0.90,0.75,0.75,0.75,0.78,1
DEL18DT,2016-08-28T00:00:00,0.75,0.70,0.70,0.65,0.80,0.85,0.74,1
DEL18DT,2016-08-29T00:00:00,0.85,0.80,0.75,0.75,0.85,0.70,0.78,1
DEL18DT,2016-08-30T00:00:00,0.70,0.70,0.75,0.75,0.70,0.65,0.71,<1
DEL18DT,2016-08-31T00:00:00,0.65,0.60,0.70,0.85,0.70,0.80,0.72,<1
DEL18DT,2016-09-01T00:00:00,0.85,0.90,0.80,0.75,0.75,0.75,0.80,<1
DEL18DT,2016-09-02T00:00:00,0.70,0.70,0.70,0.65,0.60,0.65,0.67,1
DEL18DT,2016-09-03T00:00:00,0.65,0.60,0.60,0.75,0.65,0.65,0.65,2
DEL18DT,2016-09-04T00:00:00,0.65,0.65,0.65,0.65,0.65,0.60,0.64,<1
DEL18DT,2016-09-05T00:00:00,0.65,0.65,0.65,0.60,0.55,0.60,0.62,<1
DEL18DT,2016-09-06T00:00:00,0.65,0.60,0.65,0.70,0.60,0.60,0.63,<1
DEL18DT,2016-09-07T00:00:00,0.65,0.65,0.65,0.70,0.60,0.60,0.64,1
DEL18DT,2016-09-08T00:00:00,0.65,0.70,0.70,0.65,0.60,0.80,0.68,<1
DEL18DT,2016-09-09T00:00:00,0.75,0.80,0.80,0.80,0.80,0.80,0.79,<1
DEL18DT,2016-09-10T00:00:00,0.95,0.80,0.80,0.75,0.80,0.80,0.82,<1
DEL18DT,2016-09-11T00:00:00,0.85,0.80,0.75,0.90,0.90,0.80,0.83,<1
DEL18DT,2016-09-12T00:00:00,0.75,0.75,0.75,0.80,0.80,0.90,0.79,<1
DEL18DT,2016-09-13T00:00:00,0.85,0.85,0.80,0.80,0.95,0.95,0.87,<1
DEL18DT,2016-09-14T00:00:00,0.95,0.80,0.85,0.80,0.80,0.85,0.84,1
DEL18DT,2016-09-15T00:00:00,0.80,0.75,0.70,0.70,0.70,0.70,0.73,2
DEL18DT,2016-09-16T00:00:00,0.75,0.75,0.75,0.70,0.75,0.80,0.75,<1
DEL18DT,2016-09-17T00:00:00,0.85,0.90,0.80,0.80,0.90,1.00,0.88,<1
DEL18DT,2016-09-18T00:00:00,0.90,0.80,0.85,0.90,0.85,0.75,0.84,1
DEL18DT,2016-09-19T00:00:00,0.85,0.80,0.75,0.75,0.75,0.75,0.78,<1
DEL18DT,2016-09-20T00:00:00,0.80,0.75,0.80,0.65,0.65,0.70,0.73,<1
DEL18DT,2016-09-21T00:00:00,0.75,0.75,0.90,0.90,0.65,0.75,0.78,1
DEL18DT,2016-09-22T00:00:00,0.75,0.80,0.85,0.70,0.90,0.90,0.82,<1
DEL18DT,2016-09-23T00:00:00,0.80,0.70,0.65,0.80,0.85,0.90,0.78,<1
DEL18DT,2016-09-24T00:00:00,0.85,0.75,0.75,0.70,0.75,0.75,0.76,<1
DEL18DT,2016-09-25T00:00:00,0.75,0.70,0.75,0.60,0.80,0.70,0.72,1
DEL18DT,2016-09-26T00:00:00,0.65,0.70,0.80,0.70,0.80,0.85,0.75,<1
DEL18DT,2016-09-27T00:00:00,0.85,0.85,0.90,0.80,0.80,0.80,0.83,1
DEL18DT,2016-09-28T00:00:00,0.75,0.75,0.70,0.75,0.75,0.75,0.74,1
DEL18DT,2016-09-29T00:00:00,0.75,0.75,0.75,0.75,0.70,0.75,0.74,1
DEL18DT,2016-09-30T00:00:00,0.75,0.75,0.80,0.65,0.85,0.80,0.77,<1
DEL18DT,2016-08-01T00:00:00,0.70,0.75,0.75,0.65,0.65,0.70,0.70,2
DEL18DT,2016-08-02T00:00:00,0.75,0.70,0.80,0.70,0.75,0.75,0.74,1
DEL18DT,2016-08-03T00:00:00,0.75,0.70,0.75,0.85,0.80,0.70,0.76,1
DEL18DT,2016-08-04T00:00:00,0.75,0.75,0.75,0.80,0.75,0.80,0.77,<1
DEL18DT,2016-08-05T00:00:00,0.75,0.75,0.70,0.85,0.75,0.70,0.75,2
DEL18DT,2016-08-06T00:00:00,0.65,0.75,0.75,0.85,0.90,0.85,0.79,<1
DEL18DT,2016-08-07T00:00:00,0.85,0.85,0.70,0.70,0.95,0.85,0.82,<1
DEL18DT,2016-08-08T00:00:00,0.75,0.75,0.70,0.70,0.85,0.75,0.75,<1
DEL18DT,2016-08-09T00:00:00,0.85,0.75,0.75,0.80,0.85,0.85,0.81,<1
DEL18DT,2016-08-10T00:00:00,0.80,0.80,0.70,0.80,0.80,0.80,0.78,1
DEL18DT,2016-08-11T00:00:00,0.80,0.85,0.80,0.80,0.80,0.85,0.82,<1
DEL18DT,2016-08-12T00:00:00,0.90,0.70,0.80,0.85,0.80,0.75,0.80,<1
DEL18DT,2016-08-13T00:00:00,0.75,0.80,0.80,0.85,0.85,0.95,0.83,<1
DEL18DT,2016-08-14T00:00:00,0.90,0.80,0.80,0.85,0.85,0.90,0.85,2
DEL18DT,2016-08-15T00:00:00,0.80,0.80,0.75,0.80,0.85,0.85,0.81,1
DEL18DT,2016-08-16T00:00:00,0.65,0.75,0.75,0.75,0.75,0.85,0.75,1
DEL18DT,2016-08-17T00:00:00,0.80,0.80,0.85,0.80,0.75,0.85,0.81,<1
DEL18DT,2016-08-18T00:00:00,0.85,0.75,0.85,0.75,0.75,0.75,0.78,1
DEL18DT,2016-08-19T00:00:00,0.75,0.80,0.80,0.70,0.80,0.85,0.78,1
DEL18DT,2016-08-20T00:00:00,0.85,0.80,0.75,0.80,0.80,0.80,0.80,<1
DEL18DT,2016-08-21T00:00:00,0.75,0.80,0.80,0.70,0.80,0.75,0.77,1
DEL18DT,2016-08-22T00:00:00,0.70,0.75,0.80,0.80,0.85,0.80,0.78,1
DEL18DT,2016-08-23T00:00:00,0.85,0.85,0.80,0.80,0.80,0.75,0.81,<1
DEL18DT,2016-08-24T00:00:00,0.70,0.80,0.75,0.75,0.70,0.80,0.75,<1
DEL18DT,2016-08-25T00:00:00,0.80,0.80,0.75,0.80,0.80,0.75,0.78,1
DEL18DT,2016-08-26T00:00:00,0.75,0.70,0.75,0.80,0.75,0.70,0.74,<1
DEL18DT,2016-08-27T00:00:00,0.70,0.80,0.90,0.75,0.75,0.75,0.78,1
DEL18DT,2016-08-28T00:00:00,0.75,0.70,0.70,0.65,0.80,0.85,0.74,1
DEL18DT,2016-08-29T00:00:00,0.85,0.80,0.75,0.75,0.85,0.70,0.78,1
DEL18DT,2016-08-30T00:00:00,0.70,0.70,0.75,0.75,0.70,0.65,0.71,<1
DEL18DT,2016-08-31T00:00:00,0.65,0.60,0.70,0.85,0.70,0.80,0.72,<1
DEL18DT,2016-10-01T00:00:00,0.70,0.70,0.70,0.75,0.75,0.70,0.72,1
DEL18DT,2016-10-02T00:00:00,0.75,0.75,0.75,0.70,0.65,0.80,0.73,1
DEL18DT,2016-10-03T00:00:00,0.75,0.75,0.85,0.75,0.85,0.85,0.80,<1
DEL18DT,2016-10-04T00:00:00,0.80,0.70,0.75,0.70,0.70,0.65,0.72,3
DEL18DT,2016-10-05T00:00:00,0.65,0.65,0.70,0.65,0.70,0.70,0.68,<1
DEL18DT,2016-10-06T00:00:00,0.65,0.65,0.75,0.70,0.75,0.75,0.71,<1
DEL18DT,2016-10-07T00:00:00,0.80,0.80,0.80,0.75,0.80,0.80,0.79,<1
DEL18DT,2016-10-08T00:00:00,0.80,0.85,0.80,0.85,0.85,0.85,0.83,1
DEL18DT,2016-10-09T00:00:00,0.85,0.80,0.85,0.85,0.85,0.80,0.83,3
DEL18DT,2016-10-10T00:00:00,0.75,0.70,0.70,0.80,0.75,0.75,0.74,1
DEL18DT,2016-10-11T00:00:00,0.75,0.75,0.80,0.70,0.75,0.75,0.75,<1
DEL18DT,2016-10-12T00:00:00,0.65,0.75,0.85,0.80,0.75,0.70,0.75,1
DEL18DT,2016-10-13T00:00:00,0.75,0.70,0.80,0.65,0.65,0.65,0.70,<1
DEL18DT,2016-10-14T00:00:00,0.65,0.65,0.65,0.75,0.65,0.65,0.67,<1
DEL18DT,2016-10-15T00:00:00,0.65,0.70,0.65,0.65,0.70,0.70,0.68,1
DEL18DT,2016-10-16T00:00:00,0.65,0.65,0.65,0.65,0.70,0.65,0.66,<1
DEL18DT,2016-10-17T00:00:00,0.60,0.60,0.65,0.70,0.65,0.70,0.65,<1
DEL18DT,2016-10-18T00:00:00,0.65,0.60,0.60,0.60,0.55,0.75,0.63,4
DEL18DT,2016-10-19T00:00:00,0.80,0.70,0.70,0.60,0.60,0.65,0.68,1
DEL18DT,2016-10-20T00:00:00,0.65,0.65,0.65,0.75,0.75,0.75,0.70,<1
DEL18DT,2016-10-21T00:00:00,0.70,0.75,0.65,0.65,0.60,0.65,0.67,<1
DEL18DT,2016-10-22T00:00:00,0.65,0.70,0.60,0.60,0.55,0.50,0.60,1
DEL18DT,2016-10-23T00:00:00,0.50,0.45,0.50,0.60,0.55,0.55,0.53,5
DEL18DT,2016-10-24T00:00:00,0.65,0.55,0.55,0.60,0.55,0.60,0.58,1
DEL18DT,2016-10-25T00:00:00,0.60,0.55,0.60,0.50,0.55,0.60,0.57,1
DEL18DT,2016-10-26T00:00:00,0.60,0.55,0.60,0.65,0.65,0.55,0.60,2
DEL18DT,2016-10-27T00:00:00,0.65,0.70,0.70,0.65,0.55,0.60,0.64,1
DEL18DT,2016-10-28T00:00:00,0.55,0.55,0.55,0.60,0.60,0.70,0.59,3
DEL18DT,2016-10-29T00:00:00,0.60,0.55,0.55,0.55,0.55,0.60,0.57,3
DEL18DT,2016-10-30T00:00:00,0.60,0.65,0.60,0.65,0.60,0.60,0.62,1
DEL18DT,2016-10-31T00:00:00,0.60,0.55,0.60,0.60,0.60,0.70,0.61,2
DEL18DT,2016-12-01T00:00:00,0.75,0.65,0.65,0.70,0.60,0.60,0.66,2
DEL18DT,2016-12-02T00:00:00,0.60,0.70,0.60,0.60,0.65,0.65,0.63,<1
DEL18DT,2016-12-03T00:00:00,0.65,0.65,0.65,0.60,0.60,0.65,0.63,<1
DEL18DT,2016-12-04T00:00:00,0.65,0.60,0.60,0.65,0.70,0.65,0.64,<1
DEL18DT,2016-12-05T00:00:00,0.60,0.65,0.60,0.60,0.55,0.65,0.61,1
DEL18DT,2016-12-06T00:00:00,0.60,0.65,0.65,0.75,0.70,0.75,0.68,2
DEL18DT,2016-12-07T00:00:00,0.65,0.65,0.80,0.65,0.60,0.60,0.66,1
DEL18DT,2016-12-08T00:00:00,0.65,0.60,0.60,0.75,0.65,0.65,0.65,<1
DEL18DT,2016-12-09T00:00:00,0.65,0.65,0.65,0.65,0.65,0.65,0.65,<1
DEL18DT,2016-12-10T00:00:00,0.65,0.65,0.65,0.55,0.60,0.60,0.62,2
DEL18DT,2016-12-11T00:00:00,0.65,0.60,0.65,0.50,0.60,0.60,0.60,<1
DEL18DT,2016-12-12T00:00:00,0.60,0.55,0.60,0.70,0.60,0.60,0.61,<1
DEL18DT,2016-12-13T00:00:00,0.60,0.65,0.65,0.65,0.65,0.65,0.64,<1
DEL18DT,2016-12-14T00:00:00,0.65,0.65,0.60,0.65,0.60,0.65,0.63,<1
DEL18DT,2016-12-15T00:00:00,0.65,0.65,0.65,0.60,0.65,0.60,0.63,<1
DEL18DT,2016-12-16T00:00:00,0.60,0.60,0.65,0.70,0.70,0.70,0.66,1
DEL18DT,2016-12-17T00:00:00,0.65,0.75,0.65,0.65,0.65,0.65,0.67,1
DEL18DT,2016-12-18T00:00:00,0.70,0.70,0.70,0.70,0.70,0.80,0.72,<1
DEL18DT,2016-12-19T00:00:00,0.70,0.60,0.65,0.65,0.65,0.70,0.66,2
DEL18DT,2016-12-20T00:00:00,0.65,0.65,0.65,0.65,0.70,0.70,0.67,1
DEL18DT,2016-12-21T00:00:00,0.65,0.65,0.70,0.65,0.65,0.65,0.66,1
DEL18DT,2016-12-22T00:00:00,0.65,0.65,0.65,0.75,0.65,0.65,0.67,<1
DEL18DT,2016-12-23T00:00:00,0.60,0.65,0.60,0.70,0.60,0.70,0.64,<1
DEL18DT,2016-12-24T00:00:00,0.65,0.70,0.70,0.70,0.65,0.70,0.68,1
DEL18DT,2016-12-25T00:00:00,0.65,0.65,0.65,0.65,0.65,0.65,0.65,2
DEL18DT,2016-12-26T00:00:00,0.70,0.60,0.65,0.65,0.65,0.60,0.64,<1
DEL18DT,2016-12-27T00:00:00,0.65,0.65,0.70,0.70,0.65,0.70,0.68,<1
DEL18DT,2016-12-28T00:00:00,0.65,0.65,0.70,0.70,0.65,0.65,0.67,1
DEL18DT,2016-12-29T00:00:00,0.70,0.75,0.70,0.70,0.60,0.65,0.68,<1
DEL18DT,2016-12-30T00:00:00,0.65,0.65,0.70,0.65,0.70,0.65,0.67,1
DEL18DT,2016-12-31T00:00:00,0.65,0.65,0.65,0.60,0.65,0.70,0.65,1
DEL18DT,2016-11-01T00:00:00,0.65,0.60,0.65,0.55,0.55,0.55,0.59,<1
DEL18DT,2016-11-02T00:00:00,0.50,0.60,0.60,0.65,0.70,0.65,0.62,1
DEL18DT,2016-11-03T00:00:00,0.65,0.60,0.60,0.55,0.60,0.70,0.62,1
DEL18DT,2016-11-04T00:00:00,0.60,0.65,0.60,0.60,0.60,0.65,0.62,<1
DEL18DT,2016-11-05T00:00:00,0.65,0.60,0.60,0.60,0.60,0.65,0.62,<1
DEL18DT,2016-11-06T00:00:00,0.60,0.60,0.60,0.55,0.60,0.55,0.58,3
DEL18DT,2016-11-07T00:00:00,0.55,0.60,0.60,0.60,0.50,0.55,0.57,<1
DEL18DT,2016-11-08T00:00:00,0.60,0.55,0.55,0.60,0.60,0.60,0.58,1
DEL18DT,2016-11-09T00:00:00,0.65,0.60,0.60,0.60,0.50,0.60,0.59,1
DEL18DT,2016-11-10T00:00:00,0.65,0.60,0.60,0.65,0.60,0.60,0.62,1
DEL18DT,2016-11-11T00:00:00,0.65,0.60,0.65,0.65,0.70,0.75,0.67,<1
DEL18DT,2016-11-12T00:00:00,0.65,0.65,0.70,0.60,0.60,0.60,0.63,<1
DEL18DT,2016-11-13T00:00:00,0.60,0.60,0.60,0.65,0.60,0.65,0.62,<1
DEL18DT,2016-11-14T00:00:00,0.65,0.65,0.80,0.70,0.65,0.65,0.68,1
DEL18DT,2016-11-15T00:00:00,0.65,0.65,0.70,0.60,0.55,0.65,0.63,1
DEL18DT,2016-11-16T00:00:00,0.55,0.60,0.60,0.55,0.60,0.65,0.59,<1
DEL18DT,2016-11-17T00:00:00,0.60,0.55,0.60,0.60,0.65,0.65,0.61,2
DEL18DT,2016-11-18T00:00:00,0.60,0.60,0.65,0.70,0.65,0.60,0.63,<1
DEL18DT,2016-11-19T00:00:00,0.60,0.60,0.65,0.60,0.60,0.60,0.61,1
DEL18DT,2016-11-20T00:00:00,0.60,0.65,0.60,0.50,0.55,0.70,0.60,<1
DEL18DT,2016-11-21T00:00:00,0.65,0.60,0.65,0.60,0.60,0.65,0.63,1
DEL18DT,2016-11-22T00:00:00,0.60,0.65,0.65,0.60,0.60,0.65,0.63,1
DEL18DT,2016-11-23T00:00:00,0.60,0.60,0.65,0.50,0.60,0.65,0.60,1
DEL18DT,2016-11-24T00:00:00,0.60,0.60,0.55,0.50,0.55,0.55,0.56,<1
DEL18DT,2016-11-25T00:00:00,0.60,0.55,0.50,0.50,0.60,0.60,0.56,1
DEL18DT,2016-11-26T00:00:00,0.60,0.60,0.60,0.60,0.60,0.60,0.60,2
DEL18DT,2016-11-27T00:00:00,0.60,0.60,0.60,0.60,0.55,0.60,0.59,1
DEL18DT,2016-11-28T00:00:00,0.60,0.60,0.60,0.60,0.65,0.50,0.59,1
DEL18DT,2016-11-29T00:00:00,0.65,0.60,0.65,0.55,0.65,0.65,0.63,<1
DEL18DT,2016-11-30T00:00:00,0.70,0.65,0.65,0.60,0.60,0.55,0.63,<1
DEL18DT,2017-01-01T00:00:00,0.70,0.80,0.75,0.60,0.65,0.65,0.69,1
DEL18DT,2017-01-02T00:00:00,0.60,0.65,0.65,0.60,0.65,0.70,0.64,<1
DEL18DT,2017-01-03T00:00:00,0.65,0.65,0.60,0.65,0.70,0.65,0.65,1
DEL18DT,2017-01-04T00:00:00,0.65,0.60,0.60,0.65,0.65,0.60,0.63,<1
DEL18DT,2017-01-05T00:00:00,0.65,0.70,0.70,0.65,0.65,0.60,0.66,<1
DEL18DT,2017-01-06T00:00:00,0.60,0.70,0.70,0.60,0.65,0.70,0.66,2
DEL18DT,2017-01-07T00:00:00,0.65,0.65,0.60,0.60,0.65,0.65,0.63,<1
DEL18DT,2017-01-08T00:00:00,0.65,0.65,0.65,0.60,0.60,0.65,0.63,<1
DEL18DT,2017-01-09T00:00:00,0.65,0.65,0.60,0.70,0.65,0.65,0.65,1
DEL18DT,2017-01-10T00:00:00,0.70,0.65,0.60,0.65,0.60,0.60,0.63,1
DEL18DT,2017-01-11T00:00:00,0.60,0.65,0.70,0.65,0.65,0.60,0.64,1
DEL18DT,2017-01-12T00:00:00,0.60,0.60,0.60,0.60,0.65,0.65,0.62,<1
DEL18DT,2017-01-13T00:00:00,0.60,0.65,0.65,0.65,0.70,0.65,0.65,<1
DEL18DT,2017-01-14T00:00:00,0.70,0.65,0.65,0.65,0.70,0.65,0.67,1
DEL18DT,2017-01-15T00:00:00,0.60,0.60,0.65,0.65,0.60,0.60,0.62,1
DEL18DT,2017-01-16T00:00:00,0.60,0.60,0.60,0.60,0.65,0.70,0.63,<1
DEL18DT,2017-01-17T00:00:00,0.65,0.65,0.60,0.65,0.65,0.65,0.64,<1
DEL18DT,2017-01-18T00:00:00,0.65,0.70,0.80,1.10,0.75,0.75,0.79,<1
DEL18DT,2017-01-19T00:00:00,0.75,0.75,0.75,0.80,0.70,0.70,0.74,<1
DEL18DT,2017-01-20T00:00:00,0.70,0.75,0.70,0.70,0.65,0.65,0.69,<1
DEL18DT,2017-01-21T00:00:00,0.60,0.65,0.70,0.75,0.75,0.70,0.69,1
DEL18DT,2017-01-22T00:00:00,0.70,0.65,0.70,0.70,1.10,0.80,0.78,<1
DEL18DT,2017-01-23T00:00:00,0.85,0.90,1.00,0.95,0.95,0.80,0.91,<1
DEL18DT,2017-01-24T00:00:00,0.85,1.00,1.00,0.90,0.90,0.85,0.92,<1
DEL18DT,2017-01-25T00:00:00,0.85,0.80,0.80,0.85,0.70,0.70,0.78,<1
DEL18DT,2017-01-26T00:00:00,0.70,0.70,0.75,0.75,0.75,0.70,0.73,<1
DEL18DT,2017-01-27T00:00:00,0.75,0.70,0.75,0.75,0.75,0.70,0.73,1
DEL18DT,2017-01-28T00:00:00,0.75,0.70,0.70,0.75,0.75,0.80,0.74,1
DEL18DT,2017-01-29T00:00:00,0.75,0.75,0.75,0.70,0.75,0.70,0.73,<1
DEL18DT,2017-01-30T00:00:00,0.70,0.70,0.70,0.75,0.75,0.75,0.73,<1
DEL18DT,2017-01-31T00:00:00,0.75,0.80,0.80,0.75,0.75,0.80,0.78,<1
DEL18DT,2017-02-01T00:00:00,0.80,0.75,0.75,0.75,0.70,0.80,0.76,<1
DEL18DT,2017-02-02T00:00:00,0.75,0.75,0.75,0.85,0.80,0.80,0.78,<1
DEL18DT,2017-02-03T00:00:00,0.70,0.85,0.75,0.75,0.80,0.75,0.77,3
DEL18DT,2017-02-04T00:00:00,0.75,0.80,0.75,0.75,0.75,0.75,0.76,<1
DEL18DT,2017-02-05T00:00:00,0.80,0.85,0.70,0.75,0.75,0.80,0.78,<1
DEL18DT,2017-02-06T00:00:00,0.75,0.80,0.85,0.85,0.90,0.85,0.83,<1
DEL18DT,2017-02-07T00:00:00,0.80,0.75,0.85,0.90,0.90,0.80,0.83,<1
DEL18DT,2017-02-08T00:00:00,0.85,0.90,0.95,1.00,0.85,0.85,0.90,1
DEL18DT,2017-02-09T00:00:00,0.90,0.80,0.85,0.75,0.85,0.80,0.83,<1
DEL18DT,2017-02-10T00:00:00,0.85,0.80,0.75,0.80,0.85,0.80,0.81,<1
DEL18DT,2017-02-11T00:00:00,0.75,0.85,0.80,0.80,0.80,0.80,0.80,1
DEL18DT,2017-02-12T00:00:00,0.80,0.80,0.85,0.85,0.85,0.90,0.84,3
DEL18DT,2017-02-13T00:00:00,0.85,0.90,0.80,0.75,0.75,0.80,0.81,1
DEL18DT,2017-02-14T00:00:00,0.75,0.85,0.80,0.75,0.80,0.90,0.81,1
DEL18DT,2017-02-15T00:00:00,0.85,0.75,0.75,0.75,0.70,0.70,0.75,2
DEL18DT,2017-02-16T00:00:00,0.75,0.75,0.85,0.90,0.80,0.90,0.83,<1
DEL18DT,2017-02-17T00:00:00,0.75,0.80,0.80,0.75,0.75,0.80,0.78,2
DEL18DT,2017-02-18T00:00:00,0.75,0.80,0.80,0.75,0.75,0.75,0.77,1
DEL18DT,2017-02-19T00:00:00,0.75,0.75,0.70,0.75,0.70,0.70,0.73,<1
DEL18DT,2017-02-20T00:00:00,0.80,0.75,0.75,0.80,0.75,0.80,0.78,<1
DEL18DT,2017-02-21T00:00:00,0.75,0.75,0.75,0.80,0.80,0.75,0.77,<1
DEL18DT,2017-02-22T00:00:00,0.75,0.80,0.70,0.85,0.80,0.80,0.78,1
DEL18DT,2017-02-23T00:00:00,0.80,0.75,0.75,0.80,1.00,0.75,0.81,<1
DEL18DT,2017-02-24T00:00:00,0.80,0.65,0.75,0.75,0.75,0.75,0.74,<1
DEL18DT,2017-02-25T00:00:00,0.75,0.75,0.75,0.80,0.80,0.80,0.78,<1
DEL18DT,2017-02-26T00:00:00,0.75,0.75,0.80,0.80,0.80,0.75,0.78,<1
DEL18DT,2017-02-27T00:00:00,0.80,0.75,0.75,0.85,0.85,0.90,0.82,<1
DEL18DT,2017-02-28T00:00:00,0.90,0.90,0.80,0.80,0.85,0.80,0.84,<1
DEL18DT,2017-03-01T00:00:00,0.80,0.90,0.90,0.90,0.90,0.90,0.88,1
DEL18DT,2017-03-02T00:00:00,0.85,0.85,0.85,0.85,0.85,0.80,0.84,<1
DEL18DT,2017-03-03T00:00:00,0.85,0.85,0.85,0.80,0.80,0.80,0.83,<1
DEL18DT,2017-03-04T00:00:00,0.75,0.80,0.80,0.85,0.85,0.85,0.82,7
DEL18DT,2017-03-05T00:00:00,0.80,0.85,0.85,0.90,0.75,0.85,0.83,<1
DEL18DT,2017-03-06T00:00:00,0.80,0.85,0.80,0.70,0.90,0.90,0.83,<1
DEL18DT,2017-03-07T00:00:00,0.80,0.85,0.80,0.85,0.85,0.85,0.83,<1
DEL18DT,2017-03-08T00:00:00,0.85,0.80,0.80,0.80,0.80,0.85,0.82,<1
DEL18DT,2017-03-09T00:00:00,0.80,0.90,0.85,0.70,0.85,0.80,0.82,<1
DEL18DT,2017-03-10T00:00:00,0.80,0.80,0.80,0.85,0.80,0.80,0.81,1
DEL18DT,2017-03-11T00:00:00,0.85,0.80,0.80,0.85,0.85,0.85,0.83,<1
DEL18DT,2017-03-12T00:00:00,0.90,0.85,0.85,0.85,0.80,0.85,0.85,<1
DEL18DT,2017-03-13T00:00:00,0.85,0.80,0.75,0.75,0.95,1.20,0.88,<1
DEL18DT,2017-03-14T00:00:00,1.40,1.30,1.00,1.10,1.10,1.00,1.15,<1
DEL18DT,2017-03-15T00:00:00,1.00,1.00,0.95,0.90,0.95,0.90,0.95,<1
DEL18DT,2017-03-16T00:00:00,0.90,0.85,0.85,0.85,0.80,0.90,0.86,<1
DEL18DT,2017-03-17T00:00:00,0.85,0.80,0.80,0.90,0.90,0.85,0.85,<1
DEL18DT,2017-03-18T00:00:00,0.95,0.80,0.85,0.85,0.80,0.80,0.84,1
DEL18DT,2017-03-19T00:00:00,0.90,0.95,0.95,1.10,1.00,0.95,0.98,1
DEL18DT,2017-03-20T00:00:00,0.90,0.85,0.90,0.85,0.85,0.90,0.88,<1
DEL18DT,2017-03-21T00:00:00,0.85,0.90,0.85,0.80,0.80,0.80,0.83,<1
DEL18DT,2017-03-22T00:00:00,0.80,0.90,0.85,0.90,0.75,0.85,0.84,<1
DEL18DT,2017-03-23T00:00:00,0.85,0.85,0.85,0.85,0.90,0.90,0.87,<1
DEL18DT,2017-03-24T00:00:00,0.80,0.85,0.85,0.80,0.80,0.85,0.83,1
DEL18DT,2017-03-25T00:00:00,0.85,0.85,0.85,0.85,0.85,0.80,0.84,<1
DEL18DT,2017-03-26T00:00:00,0.85,0.85,0.85,0.85,0.80,0.85,0.84,<1
DEL18DT,2017-03-27T00:00:00,0.80,0.80,0.80,0.90,0.90,0.85,0.84,1
DEL18DT,2017-03-28T00:00:00,0.90,0.95,0.85,0.80,0.85,0.90,0.88,<1
DEL18DT,2017-03-29T00:00:00,0.80,0.90,0.80,0.90,0.90,0.85,0.86,<1
DEL18DT,2017-03-30T00:00:00,0.85,0.85,0.90,0.80,0.90,0.95,0.88,<1
DEL18DT,2017-03-31T00:00:00,0.80,0.80,0.75,0.80,1.10,1.10,0.89,<1
DEL18DT,2017-04-01T00:00:00,1.20,1.20,1.20,1.10,1.10,1.10,1.15,1
DEL18DT,2017-04-02T00:00:00,1.10,1.00,1.00,1.00,1.20,0.90,1.03,1
DEL18DT,2017-04-03T00:00:00,0.95,0.90,0.75,0.85,0.75,0.80,0.83,<1
DEL18DT,2017-04-04T00:00:00,0.85,1.00,0.85,0.85,0.85,0.95,0.89,<1
DEL18DT,2017-04-05T00:00:00,0.85,0.90,0.90,0.95,0.90,0.85,0.89,E1
DEL18DT,2017-04-06T00:00:00,0.90,0.75,0.90,0.90,1.00,0.95,0.90,<1
DEL18DT,2017-04-07T00:00:00,1.00,0.95,0.95,0.85,0.85,0.75,0.89,E1
DEL18DT,2017-04-08T00:00:00,0.85,0.90,0.85,0.85,0.75,0.80,0.83,E1
DEL18DT,2017-04-09T00:00:00,0.85,0.80,0.80,0.85,0.85,0.85,0.83,<1
DEL18DT,2017-04-10T00:00:00,0.80,0.80,0.90,0.85,0.85,0.80,0.83,<1
DEL18DT,2017-04-11T00:00:00,0.75,0.95,0.85,0.80,0.70,0.90,0.83,<1
DEL18DT,2017-04-12T00:00:00,0.90,0.85,0.90,0.80,0.90,0.75,0.85,<1
DEL18DT,2017-04-13T00:00:00,0.85,0.90,0.85,0.85,0.80,0.80,0.84,<1
DEL18DT,2017-04-14T00:00:00,0.80,0.80,0.80,0.85,0.75,0.80,0.80,<1
DEL18DT,2017-04-15T00:00:00,0.85,0.90,0.90,0.85,0.90,0.85,0.88,<1
DEL18DT,2017-04-16T00:00:00,0.85,0.95,0.90,1.00,1.00,0.75,0.91,E1
DEL18DT,2017-04-17T00:00:00,0.95,1.00,1.00,0.90,0.90,0.90,0.94,<1
DEL18DT,2017-04-18T00:00:00,0.95,0.95,0.90,0.90,0.85,0.80,0.89,E1
DEL18DT,2017-04-19T00:00:00,0.85,0.85,0.90,0.90,0.90,0.90,0.88,<1
DEL18DT,2017-04-20T00:00:00,0.85,0.90,0.90,0.90,0.95,0.90,0.90,<1
DEL18DT,2017-04-21T00:00:00,0.90,0.90,0.85,0.85,0.90,0.90,0.88,E2
DEL18DT,2017-04-22T00:00:00,0.95,0.90,0.90,0.95,0.90,0.90,0.92,<1
DEL18DT,2017-04-23T00:00:00,0.90,0.95,0.95,0.95,0.90,1.00,0.94,E1
DEL18DT,2017-04-24T00:00:00,0.85,0.90,1.00,0.85,0.95,0.95,0.92,<1
DEL18DT,2017-04-25T00:00:00,0.90,0.95,0.85,0.95,0.85,0.90,0.90,E1
DEL18DT,2017-04-26T00:00:00,0.90,0.95,0.90,0.90,0.95,0.95,0.93,<1
DEL18DT,2017-04-27T00:00:00,0.95,0.85,0.85,0.95,0.95,0.95,0.92,<1
DEL18DT,2017-04-28T00:00:00,0.95,0.90,1.00,0.95,0.90,1.00,0.95,E1
DEL18DT,2017-04-29T00:00:00,1.00,1.10,1.00,0.90,0.95,1.00,0.99,<1
DEL18DT,2017-04-30T00:00:00,0.95,1.00,0.90,0.85,0.90,0.90,0.92,<1
DEL18DT,2017-05-01T00:00:00,0.95,0.9,0.8,0.85,0.75,0.85,0.85,<1
DEL18DT,2017-05-02T00:00:00,0.85,0.9,0.85,1,1.1000000000000001,0.75,0.91,<1
DEL18DT,2017-05-03T00:00:00,1,0.95,0.9,0.95,1,0.95,0.96,<1
DEL18DT,2017-05-04T00:00:00,0.85,0.95,0.9,0.9,0.85,0.9,0.89,E1
DEL18DT,2017-05-05T00:00:00,0.95,0.9,1,0.95,0.85,0.8,0.91,<1
DEL18DT,2017-05-06T00:00:00,0.9,0.9,0.9,0.85,0.85,0.85,0.88,E1
DEL18DT,2017-05-07T00:00:00,0.9,0.95,0.95,0.95,0.9,0.9,0.93,E2
DEL18DT,2017-05-08T00:00:00,1.1000000000000001,0.85,0.9,0.85,0.95,0.85,0.92,E5
DEL18DT,2017-05-09T00:00:00,0.9,0.95,0.85,0.8,0.8,0.85,0.86,E4
DEL18DT,2017-05-10T00:00:00,0.8,0.85,0.85,0.85,0.8,0.85,0.83,E5
DEL18DT,2017-05-11T00:00:00,0.9,0.75,0.8,0.85,0.85,0.9,0.84,E3
DEL18DT,2017-05-12T00:00:00,0.8,0.9,0.9,0.8,0.8,0.85,0.84,E2
DEL18DT,2017-05-13T00:00:00,0.85,0.8,0.8,0.8,0.85,0.85,0.83,<1
DEL18DT,2017-05-14T00:00:00,0.8,0.85,0.8,0.85,0.75,0.8,0.81,E1
DEL18DT,2017-05-15T00:00:00,0.9,0.8,1.1000000000000001,0.8,0.7,0.8,0.85,E4
DEL18DT,2017-05-16T00:00:00,0.75,0.8,0.75,0.8,0.85,0.8,0.79,E3
DEL18DT,2017-05-17T00:00:00,0.85,0.8,0.8,0.8,0.85,0.85,0.83,<1
DEL18DT,2017-05-18T00:00:00,0.9,0.85,0.8,1.1000000000000001,1.1000000000000001,0.85,0.93,E1
DEL18DT,2017-05-19T00:00:00,0.9,0.85,0.85,1,0.85,0.8,0.88,<1
DEL18DT,2017-05-20T00:00:00,0.8,0.8,0.8,0.75,0.75,0.75,0.78,E1
DEL18DT,2017-05-21T00:00:00,0.8,0.8,0.75,0.9,0.8,0.8,0.81,E1
DEL18DT,2017-05-22T00:00:00,0.9,0.85,0.9,0.8,0.8,0.85,0.85,E2
DEL18DT,2017-05-23T00:00:00,0.85,0.85,0.9,0.8,0.9,0.9,0.87,E2
DEL18DT,2017-05-24T00:00:00,0.8,0.9,0.75,0.85,0.8,0.85,0.83,E1
DEL18DT,2017-05-25T00:00:00,0.9,0.95,0.95,0.95,0.85,0.9,0.92,E7
DEL18DT,2017-05-26T00:00:00,0.75,0.75,0.7,0.85,0.85,0.85,0.79,E3
DEL18DT,2017-05-27T00:00:00,0.85,0.8,0.95,0.85,0.8,0.8,0.84,E7
DEL18DT,2017-05-28T00:00:00,0.8,0.8,0.85,0.85,0.9,0.85,0.84,E3
DEL18DT,2017-05-29T00:00:00,0.85,0.75,0.75,0.8,0.75,0.75,0.78,E4
DEL18DT,2017-05-30T00:00:00,0.8,0.8,0.9,0.85,0.85,0.85,0.84,E1
DEL18DT,2017-05-31T00:00:00,0.75,0.8,0.85,0.75,0.75,0.75,0.78,<1
DEL18DT,2017-06-01T00:00:00,0.85,0.85,0.80,0.75,0.75,0.80,0.80,E1
DEL18DT,2017-06-02T00:00:00,0.90,0.85,0.85,0.80,0.80,0.90,0.85,E3
DEL18DT,2017-06-03T00:00:00,0.80,0.75,0.75,0.75,0.80,0.80,0.78,E1
DEL18DT,2017-06-04T00:00:00,0.80,0.85,0.80,0.80,0.75,0.80,0.80,E2
DEL18DT,2017-06-05T00:00:00,0.75,0.75,0.70,0.75,0.65,0.70,0.72,<1
DEL18DT,2017-06-06T00:00:00,0.80,0.70,0.70,0.75,0.65,0.60,0.70,E2
DEL18DT,2017-06-07T00:00:00,0.65,0.65,0.65,0.70,0.65,0.65,0.66,E3
DEL18DT,2017-06-08T00:00:00,0.70,0.70,0.70,0.70,0.85,0.80,0.74,E1
DEL18DT,2017-06-09T00:00:00,0.75,0.70,0.80,0.70,0.80,0.75,0.75,E2
DEL18DT,2017-06-10T00:00:00,0.70,0.80,0.80,0.75,0.70,0.80,0.76,E1
DEL18DT,2017-06-11T00:00:00,0.75,0.80,0.80,0.85,0.75,1.10,0.84,E1
DEL18DT,2017-06-12T00:00:00,0.90,0.65,0.80,0.70,0.80,0.80,0.78,E1
DEL18DT,2017-06-13T00:00:00,0.85,0.85,0.80,0.75,0.80,0.75,0.80,<1
DEL18DT,2017-06-14T00:00:00,0.80,0.70,0.75,0.70,0.70,0.80,0.74,<1
DEL18DT,2017-06-15T00:00:00,0.80,0.75,0.75,0.75,0.75,0.80,0.77,E1
DEL18DT,2017-06-16T00:00:00,0.80,0.70,0.75,0.70,0.75,0.80,0.75,E6
DEL18DT,2017-06-17T00:00:00,0.75,0.80,0.75,0.70,0.70,0.80,0.75,<1
DEL18DT,2017-06-18T00:00:00,0.75,0.75,0.75,0.80,0.85,0.85,0.79,E1
DEL18DT,2017-06-19T00:00:00,0.80,0.85,0.75,0.75,0.75,0.80,0.78,<1
DEL18DT,2017-06-20T00:00:00,0.75,0.75,0.80,0.85,0.80,0.75,0.78,<1
DEL18DT,2017-06-21T00:00:00,0.75,0.75,0.70,0.95,0.80,0.80,0.79,<1
DEL18DT,2017-06-22T00:00:00,0.90,0.75,0.70,0.70,0.70,0.75,0.75,E1
DEL18DT,2017-06-23T00:00:00,0.75,0.70,0.80,0.70,0.70,0.75,0.73,<1
DEL18DT,2017-06-24T00:00:00,0.70,0.80,0.70,0.75,0.70,0.70,0.73,E1
DEL18DT,2017-06-25T00:00:00,0.70,0.75,0.70,0.70,0.75,0.75,0.73,E2
DEL18DT,2017-06-26T00:00:00,0.70,0.70,0.65,0.75,0.70,0.75,0.71,E1
DEL18DT,2017-06-27T00:00:00,0.75,0.70,0.60,1.80,0.75,0.85,0.91,E1
DEL18DT,2017-06-28T00:00:00,0.75,0.75,0.75,0.75,0.75,0.65,0.73,<1
DEL18DT,2017-06-29T00:00:00,0.60,0.65,0.65,0.65,0.65,0.55,0.63,<1
DEL18DT,2017-06-30T00:00:00,0.75,0.85,0.80,0.90,0.70,0.75,0.79,<1
DEL18DT,2017-07-01T00:00:00,0.75,0.85,0.80,0.70,0.80,0.80,0.78,<1
DEL18DT,2017-07-02T00:00:00,0.70,1.00,0.75,0.75,0.75,0.80,0.79,<1
DEL18DT,2017-07-03T00:00:00,0.80,0.75,0.75,0.80,0.80,0.80,0.78,E1
DEL18DT,2017-07-04T00:00:00,0.75,0.75,0.75,0.85,0.80,0.75,0.78,E3
DEL18DT,2017-07-05T00:00:00,0.85,0.80,0.80,0.70,0.60,0.60,0.73,E3
DEL18DT,2017-07-06T00:00:00,0.60,0.60,0.60,0.60,0.60,0.60,0.60,<1
DEL18DT,2017-07-07T00:00:00,0.60,0.60,0.55,0.55,0.55,0.60,0.58,<1
DEL18DT,2017-07-08T00:00:00,0.60,0.65,0.65,0.60,0.60,0.60,0.62,<1
DEL18DT,2017-07-09T00:00:00,0.60,0.55,0.65,0.60,0.65,0.60,0.61,E2
DEL18DT,2017-07-10T00:00:00,0.60,0.60,0.55,0.80,0.60,0.60,0.63,<1
DEL18DT,2017-07-11T00:00:00,0.65,0.55,0.55,0.55,0.60,0.65,0.59,E1
DEL18DT,2017-07-12T00:00:00,0.60,0.55,0.55,0.60,0.65,0.60,0.59,<1
DEL18DT,2017-07-13T00:00:00,0.60,0.60,0.75,0.60,0.65,0.65,0.64,<1
DEL18DT,2017-07-14T00:00:00,0.60,0.50,0.65,0.60,0.70,0.65,0.62,E1
DEL18DT,2017-07-15T00:00:00,0.65,0.65,0.60,0.65,0.70,0.65,0.65,<1
DEL18DT,2017-07-16T00:00:00,0.70,0.65,0.65,0.65,0.70,0.80,0.69,<1
DEL18DT,2017-07-17T00:00:00,0.75,0.65,0.70,0.65,0.60,0.65,0.67,E2
DEL18DT,2017-07-18T00:00:00,0.60,0.65,0.55,0.50,0.55,0.65,0.58,E1
DEL18DT,2017-07-19T00:00:00,0.60,0.55,0.65,0.60,0.70,0.65,0.63,<1
DEL18DT,2017-07-20T00:00:00,0.65,0.70,0.70,0.60,0.60,0.65,0.65,<1
DEL18DT,2017-07-21T00:00:00,0.60,0.65,0.70,0.60,0.80,0.60,0.66,<1
DEL18DT,2017-07-22T00:00:00,0.60,0.60,0.65,0.60,0.65,0.55,0.61,E1
DEL18DT,2017-07-23T00:00:00,0.55,0.60,0.60,0.55,0.60,0.55,0.58,<1
DEL18DT,2017-07-24T00:00:00,0.55,0.65,0.60,0.60,0.55,0.50,0.58,E1
DEL18DT,2017-07-25T00:00:00,0.60,0.55,0.65,0.60,0.60,0.60,0.60,E1
DEL18DT,2017-07-26T00:00:00,0.60,0.60,0.65,0.70,0.70,0.60,0.64,<1
DEL18DT,2017-07-27T00:00:00,0.70,0.60,0.60,0.60,0.65,0.70,0.64,E1
DEL18DT,2017-07-28T00:00:00,0.70,0.70,0.70,0.75,0.70,0.80,0.73,E1
DEL18DT,2017-07-29T00:00:00,0.70,0.70,0.75,0.65,0.65,0.65,0.68,<1
DEL18DT,2017-07-30T00:00:00,0.65,0.65,0.70,0.70,0.70,0.70,0.68,<1
DEL18DT,2017-07-31T00:00:00,0.70,0.90,0.75,0.75,0.75,0.70,0.76,E2
DEL18DT,2017-08-01T00:00:00,0.75,0.90,0.85,0.70,0.70,0.70,0.77,<1
DEL18DT,2017-08-02T00:00:00,0.70,0.70,0.70,0.75,0.75,0.70,0.72,E1
DEL18DT,2017-08-03T00:00:00,0.70,0.80,0.70,0.70,0.60,0.60,0.68,E3
DEL18DT,2017-08-04T00:00:00,0.70,0.65,0.75,1.00,1.00,0.90,0.83,E1
DEL18DT,2017-08-05T00:00:00,0.90,0.85,0.85,0.85,0.80,0.80,0.84,E10
DEL18DT,2017-08-06T00:00:00,0.80,0.80,0.75,0.85,0.90,0.80,0.82,E7
DEL18DT,2017-08-07T00:00:00,0.90,0.85,0.85,0.85,0.80,0.80,0.84,E12
DEL18DT,2017-08-08T00:00:00,0.80,0.85,0.80,0.80,0.70,0.80,0.79,E6
DEL18DT,2017-08-09T00:00:00,0.80,0.80,0.80,0.90,0.75,0.85,0.82,E4
DEL18DT,2017-08-10T00:00:00,0.80,0.80,0.80,0.80,0.70,0.80,0.78,E3
DEL18DT,2017-08-11T00:00:00,0.85,0.80,0.75,0.75,0.75,0.80,0.78,E2
DEL18DT,2017-08-12T00:00:00,0.70,0.70,0.70,0.65,0.75,0.75,0.71,E1
DEL18DT,2017-08-13T00:00:00,0.75,0.75,0.75,0.80,0.75,0.70,0.75,E1
DEL18DT,2017-08-14T00:00:00,0.75,0.75,0.80,0.75,0.75,0.85,0.78,E2
DEL18DT,2017-08-15T00:00:00,0.85,0.85,0.75,0.80,0.80,0.85,0.82,<1
DEL18DT,2017-08-16T00:00:00,0.75,0.80,0.85,1.00,0.75,0.80,0.83,E1
DEL18DT,2017-08-17T00:00:00,0.85,0.85,0.85,0.75,0.75,0.75,0.80,<1
DEL18DT,2017-08-18T00:00:00,0.75,0.75,0.75,0.80,0.75,0.80,0.77,E1
DEL18DT,2017-08-19T00:00:00,0.75,0.70,0.75,0.70,0.85,0.85,0.77,E3
DEL18DT,2017-08-20T00:00:00,0.80,0.70,0.80,0.70,0.80,0.75,0.76,<1
DEL18DT,2017-08-21T00:00:00,0.75,0.70,0.70,0.75,0.80,0.80,0.75,<1
DEL18DT,2017-08-22T00:00:00,0.85,0.80,0.80,0.80,0.75,0.80,0.80,E2
DEL18DT,2017-08-23T00:00:00,0.80,0.75,0.80,0.85,0.75,0.70,0.78,<1
DEL18DT,2017-08-24T00:00:00,0.75,0.75,0.70,0.80,0.65,0.55,0.70,E1
DEL18DT,2017-08-25T00:00:00,0.75,0.85,0.85,1.00,0.70,0.70,0.81,E2
DEL18DT,2017-08-26T00:00:00,0.70,0.65,0.60,0.70,0.65,0.65,0.66,E2
DEL18DT,2017-08-27T00:00:00,0.65,0.70,0.65,0.85,0.80,0.85,0.75,E1
DEL18DT,2017-08-28T00:00:00,0.80,0.70,0.65,0.65,0.65,0.65,0.68,<1
DEL18DT,2017-08-29T00:00:00,0.65,0.65,0.65,0.55,0.60,0.65,0.63,E7
DEL18DT,2017-08-30T00:00:00,0.65,0.60,0.60,0.70,0.65,0.70,0.65,<1
DEL18DT,2017-08-31T00:00:00,0.70,0.70,0.70,0.65,0.75,0.70,0.70,<1
DEL18DT,2017-08-04T00:00:00,,0.65,0.75,1.00,1.00,0.90,0.86,E1
DEL18DT,2017-08-05T00:00:00,0.90,0.85,0.85,0.85,0.80,0.80,0.84,E10
DEL18DT,2017-08-06T00:00:00,0.80,0.80,0.75,0.85,0.90,0.80,0.82,E7
DEL18DT,2017-08-07T00:00:00,0.90,0.85,0.85,0.85,0.80,0.80,0.84,E12
DEL18DT,2017-08-08T00:00:00,0.80,0.85,0.80,0.80,0.70,0.80,0.79,E6
DEL18DT,2017-08-09T00:00:00,0.80,0.80,0.80,0.90,0.75,0.85,0.82,E4
DEL18DT,2017-08-10T00:00:00,0.80,0.80,0.80,0.80,0.70,0.80,0.78,E3
DEL18DT,2017-08-11T00:00:00,0.85,0.80,0.75,0.75,0.75,0.80,0.78,E2
DEL18DT,2017-08-12T00:00:00,0.70,0.70,0.70,0.65,0.75,0.75,0.71,E1
DEL18DT,2017-08-13T00:00:00,0.75,0.75,0.75,0.80,0.75,0.70,0.75,E1
DEL18DT,2017-08-14T00:00:00,0.75,0.75,0.80,0.75,0.75,0.85,0.78,E2
DEL18DT,2017-08-15T00:00:00,0.85,0.85,0.75,0.80,0.80,0.85,0.82,<1
DEL18DT,2017-08-16T00:00:00,0.75,0.80,0.85,1.00,0.75,0.80,0.83,E1
DEL18DT,2017-08-17T00:00:00,0.85,0.85,0.85,0.75,0.75,0.75,0.80,<1
DEL18DT,2017-08-18T00:00:00,0.75,0.75,0.75,0.80,0.75,0.80,0.77,E1
DEL18DT,2017-08-19T00:00:00,0.75,0.70,0.75,0.70,0.85,0.85,0.77,E3
DEL18DT,2017-08-20T00:00:00,0.80,0.70,0.80,0.70,0.80,0.75,0.76,<1
DEL18DT,2017-08-21T00:00:00,0.75,0.70,0.70,0.75,0.80,0.80,0.75,<1
DEL18DT,2017-08-22T00:00:00,0.85,0.80,0.80,0.80,0.75,0.80,0.80,E2
DEL18DT,2017-08-23T00:00:00,0.80,0.75,0.80,0.85,0.75,0.70,0.78,<1
DEL18DT,2017-08-24T00:00:00,0.75,0.75,0.70,0.80,0.65,0.55,0.70,E1
DEL18DT,2017-08-25T00:00:00,0.75,0.85,0.85,1.00,0.70,0.70,0.81,E2
DEL18DT,2017-08-26T00:00:00,0.70,0.65,0.60,0.70,0.65,0.65,0.66,E2
DEL18DT,2017-08-27T00:00:00,0.65,0.70,0.65,0.85,0.80,0.85,0.75,E1
DEL18DT,2017-08-28T00:00:00,0.80,0.70,0.65,0.65,0.65,0.65,0.68,<1
DEL18DT,2017-08-29T00:00:00,0.65,0.65,0.65,0.55,0.60,0.65,0.63,E7
DEL18DT,2017-08-30T00:00:00,0.65,0.60,0.60,0.70,0.65,0.70,0.65,<1
DEL18DT,2017-08-31T00:00:00,0.70,0.70,0.70,0.65,0.75,0.70,0.70,<1
DEL18DT,2017-09-01T00:00:00,0.70,0.75,0.75,0.70,0.65,0.65,0.70,E1
DEL18DT,2017-09-02T00:00:00,0.65,0.70,0.65,0.55,0.55,0.65,0.63,E1
DEL18DT,2017-09-03T00:00:00,0.55,0.55,0.60,0.60,0.65,0.65,0.60,E10
DEL18DT,2017-09-04T00:00:00,0.75,0.75,0.70,0.65,0.70,0.80,0.73,E2
DEL18DT,2017-09-05T00:00:00,0.80,0.75,0.85,0.70,0.70,0.75,0.76,E5
DEL18DT,2017-09-06T00:00:00,0.70,0.70,0.65,0.70,0.70,0.70,0.69,E3
DEL18DT,2017-09-07T00:00:00,0.75,0.70,0.65,0.65,0.70,0.65,0.68,E5
DEL18DT,2017-09-08T00:00:00,0.70,0.70,0.70,0.65,0.75,0.70,0.70,E1
DEL18DT,2017-09-09T00:00:00,0.70,0.70,0.70,0.65,0.60,0.60,0.66,<1
DEL18DT,2017-09-10T00:00:00,0.65,0.65,0.70,0.65,0.65,0.65,0.66,E1
DEL18DT,2017-09-11T00:00:00,0.70,0.70,0.65,0.65,0.60,0.65,0.66,E1
DEL18DT,2017-09-12T00:00:00,0.60,0.65,0.65,0.65,0.65,0.65,0.64,E1
DEL18DT,2017-09-13T00:00:00,0.70,0.65,0.70,0.70,0.80,0.70,0.71,E1
DEL18DT,2017-09-14T00:00:00,0.80,0.80,0.75,0.70,0.70,0.75,0.75,E1
DEL18DT,2017-09-15T00:00:00,0.75,0.70,0.75,0.65,0.70,0.65,0.70,E2
DEL18DT,2017-09-16T00:00:00,0.65,0.70,0.70,0.60,0.70,0.70,0.68,E1
DEL18DT,2017-09-17T00:00:00,0.70,0.70,0.70,0.65,0.70,0.70,0.69,<1
DEL18DT,2017-09-18T00:00:00,0.70,0.65,0.65,0.65,0.65,0.65,0.66,E2
DEL18DT,2017-09-19T00:00:00,0.65,0.65,0.65,0.75,0.60,0.45,0.63,E2
DEL18DT,2017-09-20T00:00:00,0.50,0.45,0.50,0.50,0.50,0.50,0.49,<1
DEL18DT,2017-09-21T00:00:00,0.55,0.55,0.50,0.45,0.45,0.45,0.49,<1
DEL18DT,2017-09-22T00:00:00,0.50,0.50,0.45,0.65,0.60,0.60,0.55,<1
DEL18DT,2017-09-23T00:00:00,0.60,0.60,0.65,0.65,0.65,0.60,0.63,E2
DEL18DT,2017-09-24T00:00:00,0.65,0.70,0.75,0.65,0.80,0.75,0.72,<1
DEL18DT,2017-09-25T00:00:00,0.75,0.70,0.75,0.75,0.70,0.80,0.74,E2
DEL18DT,2017-09-26T00:00:00,0.75,0.75,0.80,0.70,0.70,0.75,0.74,E1
DEL18DT,2017-09-27T00:00:00,0.70,0.65,0.65,0.70,0.65,0.70,0.68,E1
DEL18DT,2017-09-28T00:00:00,0.70,0.70,0.60,0.65,0.65,0.65,0.66,E1
DEL18DT,2017-09-29T00:00:00,0.60,0.75,0.70,0.65,0.65,0.65,0.67,E2
DEL18DT,2017-09-30T00:00:00,0.70,0.70,0.70,0.70,0.60,0.60,0.67,E4
DEL18DT,2017-10-01T00:00:00,0.60,0.60,0.60,0.60,0.60,0.60,0.60,E2
DEL18DT,2017-10-02T00:00:00,0.65,0.65,0.65,0.65,0.60,0.70,0.65,E3
DEL18DT,2017-10-03T00:00:00,0.65,0.60,0.65,,,,0.63,
DEL18DT,2017-10-01T00:00:00,0.6,0.6,0.6,0.6,0.6,0.6,0.6,E2
DEL18DT,2017-10-02T00:00:00,0.65,0.65,0.65,0.65,0.6,0.7,0.65,E3
DEL18DT,2017-10-03T00:00:00,0.65,0.6,0.65,0.65,0.7,0.65,0.65,E2
DEL18DT,2017-10-04T00:00:00,0.7,0.65,0.7,0.7,0.7,0.7,0.69,E2
DEL18DT,2017-10-05T00:00:00,0.7,0.7,0.7,0.6,0.65,0.65,0.67,E1
DEL18DT,2017-10-06T00:00:00,0.65,0.65,0.65,0.6,0.65,0.7,0.65,E1
DEL18DT,2017-10-07T00:00:00,0.65,0.6,0.65,0.55,0.6,0.6,0.61,E2
DEL18DT,2017-10-08T00:00:00,0.6,0.75,0.65,0.65,0.65,0.75,0.68,<1
DEL18DT,2017-10-09T00:00:00,0.7,0.7,0.7,0.6,0.65,0.7,0.68,E1
DEL18DT,2017-10-10T00:00:00,0.65,0.65,0.7,0.65,0.65,0.7,0.67,E8
DEL18DT,2017-10-11T00:00:00,0.65,0.65,0.65,0.6,0.65,0.65,0.64,E1
DEL18DT,2017-10-12T00:00:00,0.7,0.7,0.7,0.8,0.65,0.65,0.7,E2
DEL18DT,2017-10-13T00:00:00,0.65,0.7,0.65,0.65,0.65,0.65,0.66,E2
DEL18DT,2017-10-14T00:00:00,0.65,0.65,0.7,0.75,0.8,1,0.76,E1
DEL18DT,2017-10-15T00:00:00,0.85,0.9,0.8,0.85,1,1,0.9,E4
DEL18DT,2017-10-16T00:00:00,1,0.95,0.95,0.8,0.75,0.8,0.88,E4
DEL18DT,2017-10-17T00:00:00,0.8,0.8,0.8,0.8,0.75,0.7,0.78,E1
DEL18DT,2017-10-18T00:00:00,0.75,0.75,1,0.85,0.75,0.85,0.83,E2
DEL18DT,2017-10-19T00:00:00,0.75,0.85,0.8,0.8,0.65,0.75,0.77,<1
DEL18DT,2017-10-20T00:00:00,0.75,0.8,0.75,0.75,0.75,0.8,0.77,E1
DEL18DT,2017-10-21T00:00:00,0.75,0.75,0.7,0.65,0.7,0.7,0.71,<1
DEL18DT,2017-10-22T00:00:00,0.7,0.75,0.75,0.85,0.6,0.6,0.71,E2
DEL18DT,2017-10-23T00:00:00,0.7,0.7,0.85,0.9,0.85,0.85,0.81,<1
DEL18DT,2017-10-24T00:00:00,0.9,0.9,0.9,0.9,0.7,0.7,0.83,<1
DEL18DT,2017-10-25T00:00:00,0.75,0.75,0.8,0.9,0.85,0.9,0.83,E4
DEL18DT,2017-10-26T00:00:00,0.9,0.85,0.85,0.75,0.85,0.8,0.83,E1
DEL18DT,2017-10-27T00:00:00,0.75,0.7,0.8,0.75,0.75,0.7,0.74,E3
DEL18DT,2017-10-28T00:00:00,0.7,0.65,0.75,0.7,0.7,0.7,0.7,E1
DEL18DT,2017-10-29T00:00:00,0.65,0.7,0.7,0.65,0.7,0.65,0.68,E1
DEL18DT,2017-10-30T00:00:00,1,0.7,0.7,0.65,0.6,0.6,0.71,E10
DEL18DT,2017-10-31T00:00:00,0.65,0.6,0.6,0.65,0.7,0.65,0.64,E5
DEL18DT,2017-11-01T00:00:00,0.65,0.65,0.65,0.65,0.60,0.60,0.63,E5
DEL18DT,2017-11-02T00:00:00,0.65,0.60,0.70,0.75,0.65,0.75,0.68,E10
DEL18DT,2017-11-03T00:00:00,0.80,0.75,0.65,0.65,0.60,0.65,0.68,E4
DEL18DT,2017-11-04T00:00:00,0.65,0.65,0.65,0.65,0.60,0.65,0.64,E5
DEL18DT,2017-11-05T00:00:00,0.65,0.60,0.60,0.70,0.70,0.70,0.66,E3
DEL18DT,2017-11-06T00:00:00,0.70,0.70,0.80,0.75,0.70,0.70,0.73,E3
DEL18DT,2017-11-07T00:00:00,0.80,0.65,0.70,0.65,0.65,0.65,0.68,E3
DEL18DT,2017-11-08T00:00:00,0.70,0.65,0.65,0.60,0.70,0.65,0.66,E5
DEL18DT,2017-11-09T00:00:00,0.65,0.65,0.70,0.60,0.70,0.60,0.65,<1
DEL18DT,2017-11-10T00:00:00,0.65,0.65,0.70,0.70,0.75,0.70,0.69,<1
DEL18DT,2017-11-11T00:00:00,0.75,0.70,0.70,0.65,0.75,0.70,0.71,<1
DEL18DT,2017-11-12T00:00:00,0.60,0.70,0.65,0.55,0.65,0.60,0.63,E1
DEL18DT,2017-11-13T00:00:00,0.70,0.65,0.70,0.65,0.70,0.65,0.68,E2
DEL18DT,2017-11-14T00:00:00,0.65,0.65,0.70,0.65,0.65,0.75,0.68,E1
DEL18DT,2017-11-15T00:00:00,0.65,0.65,0.65,0.65,0.75,0.70,0.68,E3
DEL18DT,2017-11-16T00:00:00,0.70,0.70,0.70,0.70,0.75,0.80,0.73,<1
DEL18DT,2017-11-17T00:00:00,0.75,0.80,0.70,0.75,0.70,0.70,0.73,<1
DEL18DT,2017-11-18T00:00:00,0.70,0.65,0.70,0.75,0.70,0.70,0.70,<1
DEL18DT,2017-11-19T00:00:00,0.75,0.70,0.70,0.80,0.80,0.75,0.75,E1
DEL18DT,2017-11-20T00:00:00,0.75,0.70,0.75,0.75,0.70,0.75,0.73,E1
DEL18DT,2017-11-21T00:00:00,0.75,0.70,0.70,0.75,0.80,0.70,0.73,E1
DEL18DT,2017-11-22T00:00:00,0.75,0.65,0.75,0.80,0.75,0.75,0.74,<1
DEL18DT,2017-11-23T00:00:00,0.75,0.75,0.75,0.80,0.75,0.75,0.76,<1
DEL18DT,2017-11-24T00:00:00,0.70,0.70,0.75,0.70,0.65,0.70,0.70,<1
DEL18DT,2017-11-25T00:00:00,0.75,0.70,0.75,0.75,0.75,0.80,0.75,<1
DEL18DT,2017-11-26T00:00:00,0.80,0.85,0.80,0.80,0.75,0.80,0.80,E3
DEL18DT,2017-11-27T00:00:00,0.75,0.75,0.75,0.75,0.75,0.75,0.75,<1
DEL18DT,2017-11-28T00:00:00,0.70,0.70,0.80,0.85,0.80,0.75,0.77,E1
DEL18DT,2017-11-29T00:00:00,0.80,0.85,0.80,0.75,0.80,0.80,0.80,<1
DEL18DT,2017-11-30T00:00:00,0.85,0.80,0.80,0.80,0.75,0.80,0.80,<1
DEL18DT,2017-12-01T00:00:00,0.70,0.70,0.75,0.70,0.75,0.75,0.73,<1
DEL18DT,2017-12-02T00:00:00,0.70,0.70,0.75,0.70,0.70,0.70,0.71,<1
DEL18DT,2017-12-03T00:00:00,0.70,0.70,0.75,0.70,0.65,0.75,0.71,E1
DEL18DT,2017-12-04T00:00:00,0.70,0.75,0.75,1.00,0.85,0.75,0.80,<1
DEL18DT,2017-12-05T00:00:00,0.75,0.85,0.85,0.75,0.70,0.90,0.80,E2
DEL18DT,2017-12-06T00:00:00,0.95,0.85,0.95,1.10,0.80,0.85,0.92,E2
DEL18DT,2017-12-07T00:00:00,0.85,0.95,0.90,0.95,0.95,0.95,0.93,<1
DEL18DT,2017-12-08T00:00:00,1.00,1.00,1.00,0.85,0.90,0.90,0.94,<1
DEL18DT,2017-12-09T00:00:00,0.90,0.90,0.90,0.90,0.95,0.90,0.91,E1
DEL18DT,2017-12-10T00:00:00,0.90,0.90,0.95,0.90,0.85,0.85,0.89,<1
DEL18DT,2017-12-11T00:00:00,0.85,0.90,0.85,0.90,0.85,0.90,0.88,<1
DEL18DT,2017-12-12T00:00:00,0.85,0.80,0.85,0.90,0.90,0.95,0.88,<1
DEL18DT,2017-12-13T00:00:00,1.00,1.00,0.95,0.90,0.85,0.85,0.93,<1
DEL18DT,2017-12-14T00:00:00,0.85,0.85,0.85,0.85,0.90,0.85,0.86,<1
DEL18DT,2017-12-15T00:00:00,0.85,0.85,0.85,0.85,0.80,0.85,0.84,<1
DEL18DT,2017-12-16T00:00:00,0.85,0.85,0.85,0.85,0.90,0.90,0.87,<1
DEL18DT,2017-12-17T00:00:00,0.90,0.90,0.90,0.95,0.90,0.95,0.92,<1
DEL18DT,2017-12-18T00:00:00,0.90,0.90,0.90,0.80,0.75,0.85,0.85,<1
DEL18DT,2017-12-19T00:00:00,0.80,0.85,0.75,1.00,1.00,0.95,0.89,<1
DEL18DT,2017-12-20T00:00:00,1.00,1.00,1.00,0.90,0.90,0.85,0.94,E2
DEL18DT,2017-12-21T00:00:00,0.85,1.00,0.90,0.90,0.85,0.90,0.90,E1
DEL18DT,2017-12-22T00:00:00,1.00,0.95,0.95,0.90,0.85,0.85,0.92,<1
DEL18DT,2017-12-23T00:00:00,0.85,0.90,0.85,0.95,0.90,0.90,0.89,<1
DEL18DT,2017-12-24T00:00:00,0.85,0.90,0.90,0.85,0.95,0.90,0.89,E1
DEL18DT,2017-12-25T00:00:00,0.95,0.90,0.90,0.95,0.90,0.95,0.93,E1
DEL18DT,2017-12-26T00:00:00,0.95,1.00,1.00,0.85,0.85,0.90,0.93,E4
DEL18DT,2017-12-27T00:00:00,0.85,0.95,0.95,0.90,1.00,0.95,0.93,E3
DEL18DT,2017-12-28T00:00:00,1.00,0.95,0.90,0.90,0.95,0.90,0.93,E1
DEL18DT,2017-12-29T00:00:00,0.85,0.85,0.85,0.90,0.90,0.85,0.87,E1
DEL18DT,2017-12-30T00:00:00,0.90,0.90,0.95,0.90,0.90,0.90,0.91,<1
DEL18DT,2017-12-31T00:00:00,0.95,0.85,0.90,0.90,0.90,0.85,0.89,<1
DEL18DT,2018-01-01T00:00:00,0.85,0.90,0.90,0.95,0.85,0.85,0.88,<1
DEL18DT,2018-01-02T00:00:00,0.85,0.90,0.85,0.85,0.90,0.80,0.86,<1
DEL18DT,2018-01-03T00:00:00,0.85,0.85,0.85,1.00,1.00,0.95,0.92,E1
DEL18DT,2018-01-04T00:00:00,0.95,0.90,1.00,0.95,0.95,0.95,0.95,E3
DEL18DT,2018-01-05T00:00:00,0.85,0.95,1.00,1.00,1.00,1.00,0.97,<1
DEL18DT,2018-01-06T00:00:00,0.95,0.95,1.00,0.95,1.00,1.10,0.99,<1
DEL18DT,2018-01-07T00:00:00,1.00,0.90,0.95,0.90,0.90,0.90,0.93,E1
DEL18DT,2018-01-08T00:00:00,1.00,1.00,0.95,0.90,0.90,1.00,0.96,<1
DEL18DT,2018-01-09T00:00:00,1.00,1.00,0.95,0.85,1.10,0.90,0.97,E1
DEL18DT,2018-01-10T00:00:00,1.00,1.10,1.10,1.30,1.40,1.00,1.15,<1
DEL18DT,2018-01-11T00:00:00,1.00,1.10,1.30,1.20,1.20,1.20,1.17,E1
DEL18DT,2018-01-12T00:00:00,1.30,1.30,1.30,1.10,1.10,0.85,1.16,E1
DEL18DT,2018-01-13T00:00:00,0.90,0.95,0.90,0.95,0.95,0.90,0.93,E3
DEL18DT,2018-01-14T00:00:00,0.90,0.95,0.95,0.90,0.95,0.95,0.93,E1
DEL18DT,2018-01-15T00:00:00,0.90,0.95,0.95,0.90,0.95,0.95,0.93,E1
DEL18DT,2018-01-16T00:00:00,0.90,0.90,0.90,0.90,0.95,0.90,0.91,E2
DEL18DT,2018-01-17T00:00:00,0.90,1.00,0.95,0.95,0.95,0.90,0.94,E3
DEL18DT,2018-01-18T00:00:00,0.95,0.90,0.95,0.95,0.90,1.00,0.94,E2
DEL18DT,2018-01-19T00:00:00,0.90,0.90,1.00,0.85,0.90,0.90,0.91,E2
DEL18DT,2018-01-20T00:00:00,0.95,0.90,0.95,1.10,1.00,1.10,1.00,<1
DEL18DT,2018-01-21T00:00:00,1.00,1.00,1.10,1.20,1.10,1.20,1.10,E1
DEL18DT,2018-01-22T00:00:00,1.10,1.10,1.20,1.10,1.10,1.10,1.12,E2
DEL18DT,2018-01-23T00:00:00,1.10,1.10,1.10,1.00,1.10,1.00,1.07,E3
DEL18DT,2018-01-24T00:00:00,1.10,0.95,0.90,0.90,0.85,0.90,0.93,E3
DEL18DT,2018-01-25T00:00:00,0.90,0.80,0.85,0.85,0.90,0.85,0.86,<1
DEL18DT,2018-01-26T00:00:00,0.95,0.95,0.85,0.85,0.80,0.85,0.88,E3
DEL18DT,2018-01-27T00:00:00,0.85,0.85,0.85,0.90,0.85,0.95,0.88,<1
DEL18DT,2018-01-28T00:00:00,1.00,0.85,0.85,0.90,0.90,0.85,0.89,E1
DEL18DT,2018-01-29T00:00:00,0.80,0.85,0.90,0.90,0.90,0.85,0.87,E2
DEL18DT,2018-01-30T00:00:00,0.95,0.90,0.90,0.90,0.90,0.85,0.90,E3
DEL18DT,2018-01-31T00:00:00,0.80,0.85,0.90,0.90,0.90,0.90,0.88,E6
DEL18DT,2018-02-02T00:00:00,0.85,0.85,0.80,0.85,0.80,0.80,0.83,E3
DEL18DT,2018-02-03T00:00:00,0.80,0.80,0.80,0.90,0.90,0.95,0.86,E7
DEL18DT,2018-02-04T00:00:00,0.85,0.90,0.90,0.85,0.85,0.95,0.88,E4
DEL18DT,2018-02-05T00:00:00,0.85,0.90,0.95,0.85,0.85,0.85,0.88,<1
DEL18DT,2018-02-06T00:00:00,0.85,0.85,0.80,0.80,0.85,0.80,0.83,E1
DEL18DT,2018-02-07T00:00:00,0.80,0.80,0.75,0.80,0.80,0.75,0.78,<1
DEL18DT,2018-02-08T00:00:00,0.85,0.80,0.85,0.90,0.85,0.90,0.86,<1
DEL18DT,2018-02-09T00:00:00,0.85,0.80,0.90,0.85,0.85,0.90,0.86,E3
DEL18DT,2018-02-10T00:00:00,0.90,0.95,0.90,0.85,0.80,0.85,0.88,E7
DEL18DT,2018-02-11T00:00:00,0.85,0.85,0.75,0.75,0.80,0.80,0.80,33
DEL18DT,2018-02-12T00:00:00,0.75,0.80,0.80,0.85,0.80,0.80,0.80,E2
DEL18DT,2018-02-13T00:00:00,0.85,0.85,0.90,0.80,0.80,0.90,0.85,E4
DEL18DT,2018-02-14T00:00:00,0.85,0.85,0.85,0.85,0.85,0.90,0.86,E4
DEL18DT,2018-02-15T00:00:00,0.80,0.85,0.95,0.95,1.00,1.10,0.94,E4
DEL18DT,2018-02-16T00:00:00,0.85,0.90,0.95,0.95,0.95,0.95,0.93,E3
DEL18DT,2018-02-17T00:00:00,0.95,0.90,0.90,1.00,0.95,0.90,0.93,E1
DEL18DT,2018-02-18T00:00:00,1.10,1.00,1.00,0.95,0.90,0.85,0.97,E1
DEL18DT,2018-02-19T00:00:00,0.85,0.80,0.90,0.95,0.95,0.90,0.89,E3
DEL18DT,2018-02-20T00:00:00,1.00,0.90,0.85,0.85,0.90,0.95,0.91,<1
DEL18DT,2018-02-21T00:00:00,0.95,0.90,0.90,0.90,0.90,0.85,0.90,E1
DEL18DT,2018-02-22T00:00:00,0.95,0.90,0.85,0.80,0.90,0.80,0.87,<1
DEL18DT,2018-02-23T00:00:00,0.80,0.85,0.85,0.80,0.80,0.80,0.82,E1
DEL18DT,2018-02-24T00:00:00,0.85,0.80,0.85,0.95,0.90,1.00,0.89,<1
DEL18DT,2018-02-25T00:00:00,1.20,0.90,1.50,1.10,1.00,1.20,1.15,E1
DEL18DT,2018-02-26T00:00:00,1.00,0.95,0.90,0.90,0.85,0.85,0.91,<1
DEL18DT,2018-02-27T00:00:00,0.90,0.85,0.85,1.00,1.10,1.00,0.95,E1
DEL18DT,2018-02-28T00:00:00,1.00,0.95,0.95,1.20,0.95,0.95,1.00,<1
DEL18DT,2018-03-01T00:00:00,0.95,0.95,0.95,0.95,1.10,1.10,1.00,<1
DEL18DT,2018-03-02T00:00:00,1.10,1.10,1.20,1.10,1.10,1.10,1.12,E1
DEL18DT,2018-03-03T00:00:00,1.20,1.20,1.30,1.50,1.40,1.50,1.35,<1
DEL18DT,2018-03-04T00:00:00,1.40,1.40,1.60,1.30,1.30,1.20,1.37,E2
DEL18DT,2018-03-05T00:00:00,1.30,1.30,1.30,1.40,1.30,1.30,1.32,E1
DEL18DT,2018-03-06T00:00:00,1.40,1.30,1.40,1.50,1.30,1.30,1.37,<1
DEL18DT,2018-03-07T00:00:00,1.40,1.40,1.30,1.20,1.30,1.50,1.35,E1
DEL18DT,2018-03-08T00:00:00,1.30,1.30,1.30,1.30,1.10,1.40,1.28,E1
DEL18DT,2018-03-09T00:00:00,1.20,1.10,1.10,1.10,1.20,1.10,1.13,E1
DEL18DT,2018-03-10T00:00:00,1.10,1.10,1.10,1.20,1.10,1.30,1.15,E1
DEL18DT,2018-03-11T00:00:00,1.10,1.20,1.10,1.00,1.10,1.10,1.10,<1
DEL18DT,2018-03-12T00:00:00,1.10,1.00,1.00,0.80,0.85,1.00,0.96,<1
DEL18DT,2018-03-13T00:00:00,1.00,1.10,1.00,1.00,1.10,1.20,1.07,E1
DEL18DT,2018-03-14T00:00:00,1.30,1.30,1.10,1.30,1.20,1.20,1.23,<1
DEL18DT,2018-03-15T00:00:00,1.10,1.10,1.10,1.10,1.10,1.00,1.08,E1
DEL18DT,2018-03-16T00:00:00,1.00,1.00,1.00,1.10,1.10,1.10,1.05,E1
DEL18DT,2018-03-17T00:00:00,1.10,1.10,1.00,1.10,1.00,1.20,1.08,<1
DEL18DT,2018-03-18T00:00:00,1.00,1.00,1.10,0.90,0.95,1.00,0.99,E1
DEL18DT,2018-03-19T00:00:00,1.00,0.95,1.00,0.90,0.95,1.00,0.97,E2
DEL18DT,2018-03-20T00:00:00,0.90,0.90,0.90,1.10,1.20,1.10,1.02,<1
DEL18DT,2018-03-21T00:00:00,1.20,1.20,1.20,1.50,1.20,1.40,1.28,E1
DEL18DT,2018-03-22T00:00:00,1.30,1.50,1.20,1.00,1.00,0.95,1.16,<1
DEL18DT,2018-03-23T00:00:00,0.95,0.95,0.95,0.95,1.00,1.10,0.98,E1
DEL18DT,2018-03-24T00:00:00,1.10,1.10,1.00,0.95,1.00,1.00,1.03,E1
DEL18DT,2018-03-25T00:00:00,0.95,0.90,1.00,0.85,0.95,0.85,0.92,<1
DEL18DT,2018-03-26T00:00:00,0.85,0.85,0.85,0.90,0.90,0.90,0.88,<1
DEL18DT,2018-03-27T00:00:00,1.00,0.85,0.90,0.85,0.90,0.80,0.88,<1
DEL18DT,2018-03-28T00:00:00,1.00,0.80,0.90,0.90,0.90,0.95,0.91,<1
DEL18DT,2018-03-29T00:00:00,0.90,0.90,0.90,0.90,0.95,0.90,0.91,<1
DEL18DT,2018-03-30T00:00:00,0.85,0.90,0.90,0.90,0.90,0.95,0.90,E1
DEL18DT,2018-03-31T00:00:00,0.95,0.95,1.00,1.10,1.00,0.95,0.99,<1
DEL18DT,2018-03-04T00:00:00,,1.40,1.60,1.30,1.30,1.20,1.36,E2
DEL18DT,2018-03-05T00:00:00,1.30,1.30,1.30,1.40,1.30,1.30,1.32,E1
DEL18DT,2018-03-06T00:00:00,1.40,1.30,1.40,1.50,1.30,1.30,1.37,<1
DEL18DT,2018-03-07T00:00:00,1.40,1.40,1.30,1.20,1.30,1.50,1.35,E1
DEL18DT,2018-03-08T00:00:00,1.30,1.30,1.30,1.30,1.10,1.40,1.28,E1
DEL18DT,2018-03-09T00:00:00,1.20,1.10,1.10,1.10,1.20,1.10,1.13,E1
DEL18DT,2018-03-10T00:00:00,1.10,1.10,1.10,1.20,1.10,1.30,1.15,E1
DEL18DT,2018-03-11T00:00:00,1.10,1.20,1.10,1.00,1.10,1.10,1.10,<1
DEL18DT,2018-03-12T00:00:00,1.10,1.00,1.00,0.80,0.85,1.00,0.96,<1
DEL18DT,2018-03-13T00:00:00,1.00,1.10,1.00,1.00,1.10,1.20,1.07,E1
DEL18DT,2018-03-14T00:00:00,1.30,1.30,1.10,1.30,1.20,1.20,1.23,<1
DEL18DT,2018-03-15T00:00:00,1.10,1.10,1.10,1.10,1.10,1.00,1.08,E1
DEL18DT,2018-03-16T00:00:00,1.00,1.00,1.00,1.10,1.10,1.10,1.05,E1
DEL18DT,2018-03-17T00:00:00,1.10,1.10,1.00,1.10,1.00,1.20,1.08,<1
DEL18DT,2018-03-18T00:00:00,1.00,1.00,1.10,0.90,0.95,1.00,0.99,E1
DEL18DT,2018-03-19T00:00:00,1.00,0.95,1.00,0.90,0.95,1.00,0.97,E2
DEL18DT,2018-03-20T00:00:00,0.90,0.90,0.90,1.10,1.20,1.10,1.02,<1
DEL18DT,2018-03-21T00:00:00,1.20,1.20,1.20,1.50,1.20,1.40,1.28,E1
DEL18DT,2018-03-22T00:00:00,1.30,1.50,1.20,1.00,1.00,0.95,1.16,<1
DEL18DT,2018-03-23T00:00:00,0.95,0.95,0.95,0.95,1.00,1.10,0.98,E1
DEL18DT,2018-03-24T00:00:00,1.10,1.10,1.00,0.95,1.00,1.00,1.03,E1
DEL18DT,2018-03-25T00:00:00,0.95,0.90,1.00,0.85,0.95,0.85,0.92,<1
DEL18DT,2018-03-26T00:00:00,0.85,0.85,0.85,0.90,0.90,0.90,0.88,<1
DEL18DT,2018-03-27T00:00:00,1.00,0.85,0.90,0.85,0.90,0.80,0.88,<1
DEL18DT,2018-03-28T00:00:00,1.00,0.80,0.90,0.90,0.90,0.95,0.91,<1
DEL18DT,2018-03-29T00:00:00,0.90,0.90,0.90,0.90,0.95,0.90,0.91,<1
DEL18DT,2018-03-30T00:00:00,0.85,0.90,0.90,0.90,0.90,0.95,0.90,E1
DEL18DT,2018-03-31T00:00:00,0.95,0.95,1.00,1.10,1.00,0.95,0.99,<1
DEL18DT,2018-04-01T00:00:00,1.00,1.00,1.10,0.85,0.85,0.85,0.94,E1
DEL18DT,2018-04-02T00:00:00,0.80,0.80,0.85,0.85,0.90,0.85,0.84,<1
DEL18DT,2018-04-03T00:00:00,0.85,0.85,0.85,0.80,0.90,0.85,0.85,<1
DEL18DT,2018-04-04T00:00:00,0.95,0.95,0.95,1.10,0.85,0.85,0.94,<1
DEL18DT,2018-04-05T00:00:00,0.90,0.85,0.85,0.85,0.80,0.80,0.84,E1
DEL18DT,2018-04-06T00:00:00,0.75,0.85,0.80,0.90,0.80,0.75,0.81,<1
DEL18DT,2018-04-07T00:00:00,0.85,0.80,0.85,0.80,0.90,0.80,0.83,<1
DEL18DT,2018-04-08T00:00:00,0.90,0.80,0.85,0.85,0.75,0.75,0.82,<1
DEL18DT,2018-04-09T00:00:00,0.80,0.85,0.80,0.75,0.80,0.75,0.79,<1
DEL18DT,2018-04-10T00:00:00,0.80,0.80,0.80,0.90,0.85,0.90,0.84,<1
DEL18DT,2018-04-11T00:00:00,0.80,0.80,0.80,0.80,0.80,1.00,0.83,<1
DEL18DT,2018-04-12T00:00:00,0.85,0.85,0.85,0.80,0.85,0.85,0.84,<1
DEL18DT,2018-04-13T00:00:00,0.90,0.90,0.85,0.80,0.80,0.85,0.85,<1
DEL18DT,2018-04-14T00:00:00,0.85,0.90,0.90,0.80,0.80,1.10,0.89,<1
DEL18DT,2018-04-15T00:00:00,1.10,1.20,1.30,1.00,0.85,0.85,1.05,<1
DEL18DT,2018-04-16T00:00:00,0.95,0.95,1.00,0.95,0.95,1.00,0.97,<1
DEL18DT,2018-04-17T00:00:00,0.90,0.95,0.90,0.95,0.85,0.90,0.91,E2
DEL18DT,2018-04-18T00:00:00,0.85,1.00,0.85,0.90,0.85,0.85,0.88,E4
DEL18DT,2018-04-19T00:00:00,0.85,0.90,0.80,0.85,0.85,0.85,0.85,E1
DEL18DT,2018-04-20T00:00:00,0.90,0.85,0.85,0.85,0.95,0.95,0.89,E2
DEL18DT,2018-04-21T00:00:00,0.95,1.00,0.80,0.80,0.85,0.85,0.88,E2
DEL18DT,2018-04-22T00:00:00,0.85,0.80,0.85,0.80,1.10,0.95,0.89,<1
DEL18DT,2018-04-23T00:00:00,0.75,0.85,0.85,0.90,0.85,0.90,0.85,<1
DEL18DT,2018-04-24T00:00:00,0.90,0.95,0.85,1.10,0.75,1.00,0.93,E1
DEL18DT,2018-04-25T00:00:00,0.85,0.95,0.85,1.00,0.90,0.95,0.92,E1
DEL18DT,2018-04-26T00:00:00,1.00,0.85,0.90,0.80,1.00,0.85,0.90,E1
DEL18DT,2018-04-27T00:00:00,0.90,0.85,0.95,0.90,0.90,0.85,0.89,<1
DEL18DT,2018-04-28T00:00:00,0.80,0.85,0.80,0.85,0.90,0.90,0.85,<1
DEL18DT,2018-04-29T00:00:00,0.90,0.95,0.85,0.90,0.85,0.80,0.88,<1
DEL18DT,2018-04-30T00:00:00,0.85,0.85,0.90,0.80,0.85,0.80,0.84,<1
DEL18DT,2018-05-01T00:00:00,0.80,0.85,0.80,0.95,0.90,0.95,0.88,<1
DEL18DT,2018-05-02T00:00:00,0.85,0.90,0.90,,,,0.88,<1
DEL18DT,2018-05-01T00:00:00,0.80,0.85,0.80,0.95,0.90,0.95,0.88,<1
DEL18DT,2018-05-02T00:00:00,0.85,0.90,0.90,0.80,1.00,0.90,0.89,<1
DEL18DT,2018-05-03T00:00:00,1.00,0.95,0.95,0.90,0.90,0.85,0.93,<1
DEL18DT,2018-05-04T00:00:00,0.90,0.80,0.95,0.80,0.90,0.90,0.88,<1
DEL18DT,2018-05-05T00:00:00,0.80,0.85,1.00,0.95,0.75,0.75,0.85,<1
DEL18DT,2018-05-06T00:00:00,0.95,0.80,0.85,0.75,0.80,0.75,0.82,E1
DEL18DT,2018-05-07T00:00:00,0.80,0.90,0.95,0.85,0.80,0.80,0.85,<1
DEL18DT,2018-05-08T00:00:00,0.85,0.90,0.85,0.90,0.85,0.80,0.86,<1
DEL18DT,2018-05-09T00:00:00,0.85,1.00,1.00,1.00,1.00,1.10,0.99,E1
DEL18DT,2018-05-10T00:00:00,1.10,1.00,0.90,1.00,1.00,1.20,1.03,<1
DEL18DT,2018-05-11T00:00:00,1.10,0.95,0.90,1.00,1.20,1.10,1.04,<1
DEL18DT,2018-05-12T00:00:00,0.95,0.90,0.90,0.85,0.90,0.85,0.89,<1
DEL18DT,2018-05-13T00:00:00,0.95,0.90,0.95,0.80,0.85,0.90,0.89,E4
DEL18DT,2018-05-14T00:00:00,0.85,1.00,1.00,1.10,1.00,1.20,1.03,<1
DEL18DT,2018-05-15T00:00:00,1.00,1.10,1.10,0.90,0.90,1.10,1.02,E1
DEL18DT,2018-05-16T00:00:00,0.75,0.80,0.75,0.85,0.90,0.85,0.82,E1
DEL18DT,2018-05-17T00:00:00,0.90,0.80,0.85,0.85,0.85,0.75,0.83,E3
DEL18DT,2018-05-18T00:00:00,0.80,0.80,0.80,0.80,0.70,0.75,0.78,E1
DEL18DT,2018-05-19T00:00:00,0.80,0.70,0.75,0.75,0.75,0.75,0.75,E2
DEL18DT,2018-05-20T00:00:00,0.80,0.80,0.85,0.75,0.90,0.95,0.84,<1
DEL18DT,2018-05-21T00:00:00,0.80,0.80,0.80,0.85,0.85,0.75,0.81,<1
DEL18DT,2018-05-22T00:00:00,0.85,0.85,0.85,0.90,0.80,0.90,0.86,E2
DEL18DT,2018-05-23T00:00:00,0.85,0.85,0.80,0.80,1.40,0.80,0.92,<1
DEL18DT,2018-05-24T00:00:00,0.85,0.90,0.85,0.95,0.80,0.85,0.87,<1
DEL18DT,2018-05-25T00:00:00,0.90,0.90,0.90,0.90,1.10,0.80,0.92,<1
DEL18DT,2018-05-26T00:00:00,0.85,0.80,0.85,0.85,0.85,0.80,0.83,E1
DEL18DT,2018-05-27T00:00:00,0.80,0.90,0.85,0.70,0.85,0.75,0.81,E2
DEL18DT,2018-05-28T00:00:00,0.75,0.85,0.85,0.70,0.85,0.75,0.79,<1
DEL18DT,2018-05-29T00:00:00,0.75,0.75,0.80,0.75,0.80,0.75,0.77,E1
DEL18DT,2018-05-30T00:00:00,0.90,0.85,0.75,0.85,0.75,0.90,0.83,<1
DEL18DT,2018-05-31T00:00:00,0.80,0.75,0.85,0.75,0.75,0.75,0.78,E1
